family,n,m,seed,method,status,H,W,calls,queries,shrink_calls,iterations,bound,within_bound,equals_bound,h_recovered,complete,in_W,oracle_time,blocker_time,wall,peak_heap_mb,w_digest
dual,4,0,0,padded_shrink,ok,4,2,13,7,8,5,22,1,,1,,,0.000015,0.000007,0.000039,1.2,4f6ccf706646
dual,4,0,0,padded,ok,4,2,11,15,0,10,6,,0,1,,,0.000012,0.000027,0.000058,1.2,4f6ccf706646
dual,4,0,0,alg1,ok,4,2,6,7,0,5,6,1,1,1,,,0.000005,0.000011,0.000025,1.2,4f6ccf706646
pairs,4,0,0,b3,ok,2,,5,,,,,,,,,1,,,0.000007,1.2,
pairs,4,0,0,b2,ok,2,4,11,,,,,,,,1,,,,0.000006,1.2,f51218377067
pairs,4,0,0,b1,ok,2,4,16,,,,,,,,1,,,,0.000005,1.2,f51218377067
pairs,4,0,0,padded_shrink,ok,2,4,11,6,7,3,14,1,,1,,,0.000011,0.000002,0.000033,1.2,f51218377067
pairs,4,0,0,padded,ok,2,4,11,15,0,8,6,,0,1,,,0.000015,0.000019,0.000047,1.2,f51218377067
pairs,4,0,0,alg1,ok,2,4,6,6,0,3,6,1,1,1,,,0.000010,0.000008,0.000030,1.1,f51218377067
dual,4,0,0,b1,ok,4,2,16,,,,,,,,1,,,,0.000007,1.2,4f6ccf706646
thr,4,0,0,b3,ok,6,,5,,,,,,,,,1,,,0.000004,1.2,
thr,4,0,0,b2,ok,6,4,15,,,,,,,,1,,,,0.000008,1.2,2244efef4c81
thr,4,0,0,b1,ok,6,4,16,,,,,,,,1,,,,0.000007,1.2,2244efef4c81
thr,4,0,0,padded_shrink,ok,6,4,14,10,8,7,34,1,,1,,,0.000012,0.000013,0.000047,1.2,2244efef4c81
thr,4,0,0,padded,ok,6,4,15,15,0,12,10,,0,1,,,0.000015,0.000033,0.000064,1.2,2244efef4c81
thr,4,0,0,alg1,ok,6,4,10,10,0,7,10,1,1,1,,,0.000008,0.000016,0.000034,1.2,2244efef4c81
dual,4,0,0,b3,ok,4,,5,,,,,,,,,1,,,0.000002,1.2,
dual,4,0,0,b2,ok,4,2,11,,,,,,,,1,,,,0.000007,1.2,4f6ccf706646
thr-dual,4,0,0,alg1,ok,4,6,10,10,0,5,10,1,1,1,,,0.000010,0.000010,0.000032,1.2,e81aa9056bcc
rand-m1,5,5,0,padded_shrink,ok,4,3,16,7,11,5,27,1,,1,,,0.000015,0.000005,0.000037,1.2,b7222de2ccea
rand-m1,5,5,0,padded,ok,4,3,22,33,0,20,7,,0,1,,,0.000020,0.000133,0.000213,1.2,b7222de2ccea
rand-m1,5,5,0,alg1,ok,4,3,7,9,0,5,7,1,1,1,,,0.000006,0.000009,0.000026,1.2,b7222de2ccea
thr-dual,4,0,0,b3,ok,4,,5,,,,,,,,,1,,,0.000004,1.2,
thr-dual,4,0,0,b2,ok,4,6,11,,,,,,,,1,,,,0.000006,1.2,e81aa9056bcc
thr-dual,4,0,0,b1,ok,4,6,16,,,,,,,,1,,,,0.000006,1.2,e81aa9056bcc
thr-dual,4,0,0,padded_shrink,ok,4,6,11,10,7,5,26,1,,1,,,0.000010,0.000006,0.000035,1.2,e81aa9056bcc
thr-dual,4,0,0,padded,ok,4,6,11,11,0,6,10,,0,1,,,0.000011,0.000009,0.000033,1.2,e81aa9056bcc
rand-m1,5,5,0,b1,ok,4,3,32,,,,,,,,1,,,,0.000009,1.2,b7222de2ccea
rand-m1,5,5,1,b3,ok,2,,6,,,,,,,,,1,,,0.000002,1.3,
rand-m1,5,5,1,b2,ok,2,1,25,,,,,,,,1,,,,0.000006,1.3,ecfa34707cfc
rand-m1,5,5,1,b1,ok,2,1,32,,,,,,,,1,,,,0.000007,1.3,ecfa34707cfc
rand-m1,5,5,1,padded_shrink,ok,2,1,9,3,6,3,13,1,,1,,,0.000011,0.000000,0.000025,1.3,ecfa34707cfc
rand-m1,5,5,1,padded,ok,2,1,19,29,0,19,3,,0,1,,,0.000024,0.000102,0.000156,1.3,ecfa34707cfc
rand-m1,5,5,1,alg1,ok,2,1,3,3,0,3,3,1,1,1,,,0.000004,0.000002,0.000011,1.3,ecfa34707cfc
rand-m1,5,5,0,b3,ok,4,,6,,,,,,,,,1,,,0.000003,1.3,
rand-m1,5,5,0,b2,ok,4,3,27,,,,,,,,1,,,,0.000008,1.2,b7222de2ccea
rand-m1,5,5,2,alg1,ok,3,2,5,6,0,4,5,1,1,1,,,0.000005,0.000004,0.000019,1.3,34b8f7ea955b
rand-m1,5,5,3,padded_shrink,ok,3,3,13,7,9,4,21,1,,1,,,0.000013,0.000004,0.000032,1.3,ba71fd53520f
rand-m1,5,5,3,padded,ok,3,3,19,31,0,17,6,,0,1,,,0.000018,0.000091,0.000137,1.3,ba71fd53520f
rand-m1,5,5,3,alg1,ok,3,3,6,7,0,4,6,1,1,1,,,0.000005,0.000004,0.000016,1.3,ba71fd53520f
rand-m1,5,5,2,b3,ok,3,,6,,,,,,,,,1,,,0.000002,1.3,
rand-m1,5,5,2,b2,ok,3,2,24,,,,,,,,1,,,,0.000007,1.3,34b8f7ea955b
rand-m1,5,5,2,b1,ok,3,2,32,,,,,,,,1,,,,0.000009,1.3,34b8f7ea955b
rand-m1,5,5,2,padded_shrink,ok,3,2,14,6,9,4,20,1,,1,,,0.000013,0.000003,0.000028,1.3,34b8f7ea955b
rand-m1,5,5,2,padded,ok,3,2,19,30,0,18,5,,0,1,,,0.000022,0.000097,0.000147,1.3,34b8f7ea955b
rand-m1,5,5,3,b1,ok,3,3,32,,,,,,,,1,,,,0.000010,1.3,ba71fd53520f
rand-m1,5,5,4,b3,ok,3,,6,,,,,,,,,1,,,0.000003,1.3,
rand-m1,5,5,4,b2,ok,3,2,28,,,,,,,,1,,,,0.000007,1.3,5eff4b9ffbab
rand-m1,5,5,4,b1,ok,3,2,32,,,,,,,,1,,,,0.000010,1.3,5eff4b9ffbab
rand-m1,5,5,4,padded_shrink,ok,3,2,12,5,8,4,20,1,,1,,,0.000018,0.000003,0.000035,1.3,5eff4b9ffbab
rand-m1,5,5,4,padded,ok,3,2,22,37,0,21,5,,0,1,,,0.000036,0.000193,0.000271,1.3,5eff4b9ffbab
rand-m1,5,5,4,alg1,ok,3,2,5,5,0,4,5,1,1,1,,,0.000005,0.000008,0.000023,1.3,5eff4b9ffbab
rand-m1,5,5,3,b3,ok,3,,6,,,,,,,,,1,,,0.000004,1.3,
rand-m1,5,5,3,b2,ok,3,3,24,,,,,,,,1,,,,0.000007,1.3,ba71fd53520f
rand-m1,5,5,5,alg1,ok,2,2,4,4,0,3,4,1,1,1,,,0.000009,0.000002,0.000014,1.3,6e46964abe6e
rand-m1,5,5,6,padded_shrink,ok,2,2,9,4,7,3,14,1,,1,,,0.000012,0.000002,0.000024,1.3,755d1952d558
rand-m1,5,5,6,padded,ok,2,2,17,37,0,16,4,,0,1,,,0.000022,0.000081,0.000137,1.3,755d1952d558
rand-m1,5,5,6,alg1,ok,2,2,4,4,0,3,4,1,1,1,,,0.000003,0.000002,0.000010,1.3,755d1952d558
rand-m1,5,5,5,b3,ok,2,,6,,,,,,,,,1,,,0.000002,1.3,
rand-m1,5,5,5,b2,ok,2,2,22,,,,,,,,1,,,,0.000005,1.3,6e46964abe6e
rand-m1,5,5,5,b1,ok,2,2,32,,,,,,,,1,,,,0.000008,1.3,6e46964abe6e
rand-m1,5,5,5,padded_shrink,ok,2,2,10,4,7,3,14,1,,1,,,0.000013,0.000000,0.000025,1.3,6e46964abe6e
rand-m1,5,5,5,padded,ok,2,2,17,33,0,16,4,,0,1,,,0.000022,0.000067,0.000111,1.3,6e46964abe6e
rand-m1,5,5,6,b1,ok,2,2,32,,,,,,,,1,,,,0.000006,1.3,755d1952d558
rand-m1,5,5,7,b3,ok,4,,6,,,,,,,,,1,,,0.000003,1.3,
rand-m1,5,5,7,b2,ok,4,2,25,,,,,,,,1,,,,0.000008,1.3,fe46cc09cd30
rand-m1,5,5,7,b1,ok,4,2,32,,,,,,,,1,,,,0.000012,1.3,fe46cc09cd30
rand-m1,5,5,7,padded_shrink,ok,4,2,14,7,9,5,26,1,,1,,,0.000022,0.000006,0.000045,1.3,fe46cc09cd30
rand-m1,5,5,7,padded,ok,4,2,20,30,0,19,6,,0,1,,,0.000019,0.000110,0.000177,1.3,fe46cc09cd30
rand-m1,5,5,7,alg1,ok,4,2,6,7,0,5,6,1,1,1,,,0.000004,0.000007,0.000023,1.3,fe46cc09cd30
rand-m1,5,5,6,b3,ok,2,,6,,,,,,,,,1,,,0.000002,1.3,
rand-m1,5,5,6,b2,ok,2,2,22,,,,,,,,1,,,,0.000006,1.3,755d1952d558
rand-m1,5,5,8,alg1,ok,3,2,5,5,0,4,5,1,1,1,,,0.000006,0.000004,0.000017,1.3,d1c8adeab82d
rand-m1,5,5,9,padded_shrink,ok,3,3,14,7,10,4,21,1,,1,,,0.000016,0.000004,0.000048,1.3,ee350783a340
rand-m1,5,5,9,padded,ok,3,3,18,41,0,16,6,,0,1,,,0.000014,0.000085,0.000125,1.3,ee350783a340
rand-m1,5,5,9,alg1,ok,3,3,6,6,0,4,6,1,1,1,,,0.000007,0.000005,0.000028,1.3,ee350783a340
rand-m1,5,5,8,b3,ok,3,,6,,,,,,,,,1,,,0.000003,1.3,
rand-m1,5,5,8,b2,ok,3,2,28,,,,,,,,1,,,,0.000008,1.3,d1c8adeab82d
rand-m1,5,5,8,b1,ok,3,2,32,,,,,,,,1,,,,0.000008,1.3,d1c8adeab82d
rand-m1,5,5,8,padded_shrink,ok,3,2,12,5,9,4,20,1,,1,,,0.000010,0.000004,0.000031,1.3,d1c8adeab82d
rand-m1,5,5,8,padded,ok,3,2,22,37,0,21,5,,0,1,,,0.000030,0.000146,0.000207,1.3,d1c8adeab82d
rand-m1,5,5,9,b1,ok,3,3,32,,,,,,,,1,,,,0.000013,1.3,ee350783a340
rand-m2,5,10,0,b3,ok,4,,6,,,,,,,,,1,,,0.000002,1.3,
rand-m2,5,10,0,b2,ok,4,1,31,,,,,,,,1,,,,0.000006,1.3,1ae4b0ef92cb
rand-m2,5,10,0,b1,ok,4,1,32,,,,,,,,1,,,,0.000006,1.3,1ae4b0ef92cb
rand-m2,5,10,0,padded_shrink,ok,4,1,13,5,9,5,25,1,,1,,,0.000013,0.000004,0.000028,1.3,1ae4b0ef92cb
rand-m2,5,10,0,padded,ok,4,1,25,28,0,25,5,,0,1,,,0.000031,0.000186,0.000250,1.3,1ae4b0ef92cb
rand-m2,5,10,0,alg1,ok,4,1,5,5,0,5,5,1,1,1,,,0.000009,0.000006,0.000022,1.3,1ae4b0ef92cb
rand-m1,5,5,9,b3,ok,3,,6,,,,,,,,,1,,,0.000006,1.3,
rand-m1,5,5,9,b2,ok,3,3,19,,,,,,,,1,,,,0.000010,1.3,ee350783a340
rand-m2,5,10,1,alg1,ok,2,1,3,3,0,3,3,1,1,1,,,0.000004,0.000004,0.000012,1.3,db6c78be43cb
rand-m2,5,10,2,padded_shrink,ok,3,1,11,4,7,4,19,1,,1,,,0.000007,0.000003,0.000026,1.3,1106b3fb0562
rand-m2,5,10,2,padded,ok,3,1,23,29,0,23,4,,0,1,,,0.000028,0.000159,0.000222,1.3,1106b3fb0562
rand-m2,5,10,2,alg1,ok,3,1,4,4,0,4,4,1,1,1,,,0.000004,0.000002,0.000016,1.3,1106b3fb0562
rand-m2,5,10,1,b3,ok,2,,6,,,,,,,,,1,,,0.000002,1.3,
rand-m2,5,10,1,b2,ok,2,1,25,,,,,,,,1,,,,0.000006,1.3,db6c78be43cb
rand-m2,5,10,1,b1,ok,2,1,32,,,,,,,,1,,,,0.000006,1.3,db6c78be43cb
rand-m2,5,10,1,padded_shrink,ok,2,1,9,3,6,3,13,1,,1,,,0.000008,0.000002,0.000018,1.3,db6c78be43cb
rand-m2,5,10,1,padded,ok,2,1,19,29,0,19,3,,0,1,,,0.000024,0.000104,0.000154,1.3,db6c78be43cb
rand-m2,5,10,2,b1,ok,3,1,32,,,,,,,,1,,,,0.000006,1.3,1106b3fb0562
rand-m2,5,10,3,b3,ok,4,,6,,,,,,,,,1,,,0.000002,1.3,
rand-m2,5,10,3,b2,ok,4,2,29,,,,,,,,1,,,,0.000007,1.3,bd2710e806aa
rand-m2,5,10,3,b1,ok,4,2,32,,,,,,,,1,,,,0.000007,1.3,bd2710e806aa
rand-m2,5,10,3,padded_shrink,ok,4,2,13,7,8,5,26,1,,1,,,0.000017,0.000005,0.000036,1.3,bd2710e806aa
rand-m2,5,10,3,padded,ok,4,2,23,29,0,22,6,,0,1,,,0.000021,0.000181,0.000263,1.3,bd2710e806aa
rand-m2,5,10,3,alg1,ok,4,2,6,6,0,5,6,1,1,1,,,0.000007,0.000003,0.000019,1.3,bd2710e806aa
rand-m2,5,10,2,b3,ok,3,,6,,,,,,,,,1,,,0.000003,1.3,
rand-m2,5,10,2,b2,ok,3,1,29,,,,,,,,1,,,,0.000006,1.3,1106b3fb0562
rand-m2,5,10,4,alg1,ok,3,1,4,4,0,4,4,1,1,1,,,0.000002,0.000003,0.000011,1.3,93337acad0a9
rand-m2,5,10,5,padded_shrink,ok,3,2,13,5,9,4,20,1,,1,,,0.000012,0.000003,0.000026,1.3,5eff4b9ffbab
rand-m2,5,10,5,padded,ok,3,2,22,37,0,21,5,,0,1,,,0.000016,0.000139,0.000203,1.3,5eff4b9ffbab
rand-m2,5,10,5,alg1,ok,3,2,5,5,0,4,5,1,1,1,,,0.000006,0.000004,0.000017,1.3,5eff4b9ffbab
rand-m2,5,10,4,b3,ok,3,,6,,,,,,,,,1,,,0.000003,1.3,
rand-m2,5,10,4,b2,ok,3,1,29,,,,,,,,1,,,,0.000005,1.3,93337acad0a9
rand-m2,5,10,4,b1,ok,3,1,32,,,,,,,,1,,,,0.000006,1.3,93337acad0a9
rand-m2,5,10,4,padded_shrink,ok,3,1,12,4,8,4,19,1,,1,,,0.000010,0.000003,0.000027,1.3,93337acad0a9
rand-m2,5,10,4,padded,ok,3,1,23,27,0,23,4,,0,1,,,0.000022,0.000165,0.000249,1.3,93337acad0a9
rand-m2,5,10,5,b1,ok,3,2,32,,,,,,,,1,,,,0.000006,1.3,5eff4b9ffbab
rand-m2,5,10,6,b3,ok,5,,6,,,,,,,,,1,,,0.000002,1.3,
rand-m2,5,10,6,b2,ok,5,1,32,,,,,,,,1,,,,0.000006,1.3,e7ab8c7f8763
rand-m2,5,10,6,b1,ok,5,1,32,,,,,,,,1,,,,0.000007,1.3,e7ab8c7f8763
rand-m2,5,10,6,padded_shrink,ok,5,1,13,6,8,6,31,1,,1,,,0.000012,0.000004,0.000036,1.3,e7ab8c7f8763
rand-m2,5,10,6,padded,ok,5,1,26,26,0,26,6,,0,1,,,0.000031,0.000170,0.000241,1.3,e7ab8c7f8763
rand-m2,5,10,6,alg1,ok,5,1,6,6,0,6,6,1,1,1,,,0.000008,0.000005,0.000021,1.3,e7ab8c7f8763
rand-m2,5,10,5,b3,ok,3,,6,,,,,,,,,1,,,0.000003,1.3,
rand-m2,5,10,5,b2,ok,3,2,28,,,,,,,,1,,,,0.000010,1.3,5eff4b9ffbab
rand-m2,5,10,7,alg1,ok,3,1,4,4,0,4,4,1,1,1,,,0.000002,0.000003,0.000013,1.3,1106b3fb0562
rand-m2,5,10,8,padded_shrink,ok,4,1,13,5,9,5,25,1,,1,,,0.000009,0.000005,0.000027,1.3,50856b6aa347
rand-m2,5,10,8,padded,ok,4,1,25,27,0,25,5,,0,1,,,0.000027,0.000162,0.000242,1.3,50856b6aa347
rand-m2,5,10,8,alg1,ok,4,1,5,5,0,5,5,1,1,1,,,0.000004,0.000004,0.000014,1.3,50856b6aa347
rand-m2,5,10,7,b3,ok,3,,6,,,,,,,,,1,,,0.000002,1.3,
rand-m2,5,10,7,b2,ok,3,1,29,,,,,,,,1,,,,0.000006,1.3,1106b3fb0562
rand-m2,5,10,7,b1,ok,3,1,32,,,,,,,,1,,,,0.000006,1.3,1106b3fb0562
rand-m2,5,10,7,padded_shrink,ok,3,1,12,4,8,4,19,1,,1,,,0.000010,0.000002,0.000025,1.3,1106b3fb0562
rand-m2,5,10,7,padded,ok,3,1,23,29,0,23,4,,0,1,,,0.000028,0.000189,0.000262,1.3,1106b3fb0562
rand-m2,5,10,8,b1,ok,4,1,32,,,,,,,,1,,,,0.000006,1.3,50856b6aa347
rand-m2,5,10,9,b3,ok,4,,6,,,,,,,,,1,,,0.000002,1.3,
rand-m2,5,10,9,b2,ok,4,3,27,,,,,,,,1,,,,0.000008,1.3,5a3ff843416a
rand-m2,5,10,9,b1,ok,4,3,32,,,,,,,,1,,,,0.000008,1.3,5a3ff843416a
rand-m2,5,10,9,padded_shrink,ok,4,3,14,10,9,5,27,1,,1,,,0.000009,0.000004,0.000036,1.3,5a3ff843416a
rand-m2,5,10,9,padded,ok,4,3,22,44,0,20,7,,0,1,,,0.000023,0.000117,0.000176,1.3,5a3ff843416a
rand-m2,5,10,9,alg1,ok,4,3,7,7,0,5,7,1,1,1,,,0.000006,0.000005,0.000019,1.3,5a3ff843416a
rand-m2,5,10,8,b3,ok,4,,6,,,,,,,,,1,,,0.000003,1.3,
rand-m2,5,10,8,b2,ok,4,1,31,,,,,,,,1,,,,0.000006,1.3,50856b6aa347
rand-m4,5,20,0,alg1,ok,4,1,5,5,0,5,5,1,1,1,,,0.000003,0.000001,0.000015,1.3,1ae4b0ef92cb
rand-m4,5,20,1,padded_shrink,ok,3,1,12,4,9,4,19,1,,1,,,0.000014,0.000001,0.000026,1.3,c6f72a79f0c2
rand-m4,5,20,1,padded,ok,3,1,23,34,0,23,4,,0,1,,,0.000014,0.000162,0.000233,1.3,c6f72a79f0c2
rand-m4,5,20,1,alg1,ok,3,1,4,4,0,4,4,1,1,1,,,0.000004,0.000003,0.000011,1.3,c6f72a79f0c2
rand-m4,5,20,0,b3,ok,4,,6,,,,,,,,,1,,,0.000002,1.3,
rand-m4,5,20,0,b2,ok,4,1,31,,,,,,,,1,,,,0.000006,1.3,1ae4b0ef92cb
rand-m4,5,20,0,b1,ok,4,1,32,,,,,,,,1,,,,0.000008,1.3,1ae4b0ef92cb
rand-m4,5,20,0,padded_shrink,ok,4,1,13,5,9,5,25,1,,1,,,0.000015,0.000004,0.000034,1.3,1ae4b0ef92cb
rand-m4,5,20,0,padded,ok,4,1,25,28,0,25,5,,0,1,,,0.000028,0.000167,0.000238,1.3,1ae4b0ef92cb
rand-m4,5,20,1,b1,ok,3,1,32,,,,,,,,1,,,,0.000006,1.3,c6f72a79f0c2
rand-m4,5,20,2,b3,ok,4,,6,,,,,,,,,1,,,0.000002,1.3,
rand-m4,5,20,2,b2,ok,4,2,31,,,,,,,,1,,,,0.000008,1.3,8797b4ad4958
rand-m4,5,20,2,b1,ok,4,2,32,,,,,,,,1,,,,0.000007,1.3,8797b4ad4958
rand-m4,5,20,2,padded_shrink,ok,4,2,13,6,9,5,26,1,,1,,,0.000015,0.000001,0.000030,1.3,8797b4ad4958
rand-m4,5,20,2,padded,ok,4,2,25,27,0,24,6,,0,1,,,0.000032,0.000151,0.000222,1.3,8797b4ad4958
rand-m4,5,20,2,alg1,ok,4,2,6,6,0,5,6,1,1,1,,,0.000005,0.000005,0.000016,1.3,8797b4ad4958
rand-m4,5,20,1,b3,ok,3,,6,,,,,,,,,1,,,0.000002,1.3,
rand-m4,5,20,1,b2,ok,3,1,29,,,,,,,,1,,,,0.000005,1.3,c6f72a79f0c2
rand-m4,5,20,3,alg1,ok,4,4,8,8,0,5,8,1,1,1,,,0.000005,0.000008,0.000020,1.3,0859f35c39bb
rand-m4,5,20,4,padded_shrink,ok,5,1,13,6,8,6,31,1,,1,,,0.000021,0.000007,0.000038,1.3,e7ab8c7f8763
rand-m4,5,20,4,padded,ok,5,1,26,26,0,26,6,,0,1,,,0.000037,0.000155,0.000238,1.3,e7ab8c7f8763
rand-m4,5,20,4,alg1,ok,5,1,6,6,0,6,6,1,1,1,,,0.000004,0.000008,0.000018,1.3,e7ab8c7f8763
rand-m4,5,20,3,b3,ok,4,,6,,,,,,,,,1,,,0.000003,1.3,
rand-m4,5,20,3,b2,ok,4,4,27,,,,,,,,1,,,,0.000007,1.3,0859f35c39bb
rand-m4,5,20,3,b1,ok,4,4,32,,,,,,,,1,,,,0.000009,1.3,0859f35c39bb
rand-m4,5,20,3,padded_shrink,ok,4,4,17,8,13,5,28,1,,1,,,0.000011,0.000008,0.000039,1.3,0859f35c39bb
rand-m4,5,20,3,padded,ok,4,4,22,30,0,19,8,,0,1,,,0.000031,0.000134,0.000197,1.3,0859f35c39bb
rand-m4,5,20,4,b1,ok,5,1,32,,,,,,,,1,,,,0.000006,1.3,e7ab8c7f8763
rand-m4,5,20,5,b3,ok,4,,6,,,,,,,,,1,,,0.000002,1.3,
rand-m4,5,20,5,b2,ok,4,3,27,,,,,,,,1,,,,0.000008,1.3,015e6845af77
rand-m4,5,20,5,b1,ok,4,3,32,,,,,,,,1,,,,0.000009,1.3,015e6845af77
rand-m4,5,20,5,padded_shrink,ok,4,3,14,10,9,5,27,1,,1,,,0.000014,0.000007,0.000040,1.3,015e6845af77
rand-m4,5,20,5,padded,ok,4,3,22,41,0,20,7,,0,1,,,0.000015,0.000129,0.000195,1.3,015e6845af77
rand-m4,5,20,5,alg1,ok,4,3,7,7,0,5,7,1,1,1,,,0.000008,0.000008,0.000020,1.3,015e6845af77
rand-m4,5,20,4,b3,ok,5,,6,,,,,,,,,1,,,0.000003,1.3,
rand-m4,5,20,4,b2,ok,5,1,32,,,,,,,,1,,,,0.000006,1.3,e7ab8c7f8763
rand-m4,5,20,6,alg1,ok,3,2,5,5,0,4,5,1,1,1,,,0.000007,0.000003,0.000016,1.3,1059d2cc594a
rand-m4,5,20,7,padded_shrink,ok,4,1,13,5,8,5,25,1,,1,,,0.000018,0.000005,0.000036,1.3,1caf3d28db2b
rand-m4,5,20,7,padded,ok,4,1,25,25,0,25,5,,0,1,,,0.000034,0.000173,0.000241,1.3,1caf3d28db2b
rand-m4,5,20,7,alg1,ok,4,1,5,5,0,5,5,1,1,1,,,0.000007,0.000005,0.000017,1.3,1caf3d28db2b
rand-m4,5,20,6,b3,ok,3,,6,,,,,,,,,1,,,0.000003,1.3,
rand-m4,5,20,6,b2,ok,3,2,28,,,,,,,,1,,,,0.000006,1.3,1059d2cc594a
rand-m4,5,20,6,b1,ok,3,2,32,,,,,,,,1,,,,0.000006,1.3,1059d2cc594a
rand-m4,5,20,6,padded_shrink,ok,3,2,13,5,8,4,20,1,,1,,,0.000011,0.000004,0.000025,1.3,1059d2cc594a
rand-m4,5,20,6,padded,ok,3,2,22,30,0,21,5,,0,1,,,0.000024,0.000127,0.000188,1.3,1059d2cc594a
rand-m4,5,20,7,b1,ok,4,1,32,,,,,,,,1,,,,0.000008,1.3,1caf3d28db2b
rand-m4,5,20,8,b3,ok,4,,6,,,,,,,,,1,,,0.000003,1.3,
rand-m4,5,20,8,b2,ok,4,1,31,,,,,,,,1,,,,0.000006,1.3,e9505f485cf9
rand-m4,5,20,8,b1,ok,4,1,32,,,,,,,,1,,,,0.000006,1.3,e9505f485cf9
rand-m4,5,20,8,padded_shrink,ok,4,1,13,5,9,5,25,1,,1,,,0.000011,0.000001,0.000031,1.3,e9505f485cf9
rand-m4,5,20,8,padded,ok,4,1,25,29,0,25,5,,0,1,,,0.000033,0.000161,0.000238,1.3,e9505f485cf9
rand-m4,5,20,8,alg1,ok,4,1,5,5,0,5,5,1,1,1,,,0.000007,0.000004,0.000021,1.3,e9505f485cf9
rand-m4,5,20,7,b3,ok,4,,6,,,,,,,,,1,,,0.000004,1.3,
rand-m4,5,20,7,b2,ok,4,1,31,,,,,,,,1,,,,0.000007,1.3,1caf3d28db2b
rand-m4,5,20,9,alg1,ok,3,1,4,4,0,4,4,1,1,1,,,0.000004,0.000003,0.000014,1.3,93337acad0a9
pairs,6,0,0,padded_shrink,ok,3,8,21,11,12,4,29,1,,1,,,0.000020,0.000005,0.000056,1.3,74dad50cedc6
pairs,6,0,0,padded,ok,3,8,38,110,0,31,11,,0,1,,,0.000041,0.000713,0.000878,1.3,74dad50cedc6
pairs,6,0,0,alg1,ok,3,8,11,11,0,4,11,1,1,1,,,0.000007,0.000006,0.000020,1.3,74dad50cedc6
rand-m4,5,20,9,b3,ok,3,,6,,,,,,,,,1,,,0.000002,1.3,
rand-m4,5,20,9,b2,ok,3,1,29,,,,,,,,1,,,,0.000005,1.3,93337acad0a9
rand-m4,5,20,9,b1,ok,3,1,32,,,,,,,,1,,,,0.000006,1.3,93337acad0a9
rand-m4,5,20,9,padded_shrink,ok,3,1,12,4,8,4,19,1,,1,,,0.000010,0.000003,0.000025,1.3,93337acad0a9
rand-m4,5,20,9,padded,ok,3,1,23,27,0,23,4,,0,1,,,0.000020,0.000160,0.000220,1.3,93337acad0a9
pairs,6,0,0,b1,ok,3,8,64,,,,,,,,1,,,,0.000021,1.3,74dad50cedc6
dual,6,0,0,b3,ok,8,,7,,,,,,,,,1,,,0.000004,1.3,
dual,6,0,0,b2,ok,8,3,30,,,,,,,,1,,,,0.000016,1.3,5d9859b93bff
dual,6,0,0,b1,ok,8,3,64,,,,,,,,1,,,,0.000029,1.3,5d9859b93bff
dual,6,0,0,padded_shrink,ok,8,3,33,21,23,9,59,1,,1,,,0.000029,0.000035,0.000119,1.3,5d9859b93bff
dual,6,0,0,padded,ok,8,3,29,69,0,27,11,,0,1,,,0.000048,0.000296,0.000487,1.3,5d9859b93bff
dual,6,0,0,alg1,ok,8,3,11,18,0,9,11,1,1,1,,,0.000012,0.000034,0.000057,1.3,5d9859b93bff
pairs,6,0,0,b3,ok,3,,7,,,,,,,,,1,,,0.000003,1.3,
pairs,6,0,0,b2,ok,3,8,45,,,,,,,,1,,,,0.000016,1.3,74dad50cedc6
thr,6,0,0,alg1,ok,20,15,35,35,0,21,35,1,1,1,,,0.000050,0.000505,0.000649,1.3,bde11527c8a9
thr-dual,6,0,0,padded_shrink,ok,15,20,41,35,26,16,125,1,,1,,,0.000056,0.000215,0.000347,1.3,f67f42887755
thr-dual,6,0,0,padded,ok,15,20,42,42,0,23,35,,0,1,,,0.000042,0.000276,0.000384,1.3,f67f42887755
thr-dual,6,0,0,alg1,ok,15,20,35,35,0,16,35,1,1,1,,,0.000029,0.000223,0.000299,1.3,f67f42887755
thr,6,0,0,b3,ok,20,,7,,,,,,,,,1,,,0.000006,1.3,
thr,6,0,0,b2,ok,20,15,57,,,,,,,,1,,,,0.000060,1.3,bde11527c8a9
thr,6,0,0,b1,ok,20,15,64,,,,,,,,1,,,,0.000048,1.3,bde11527c8a9
thr,6,0,0,padded_shrink,ok,20,15,49,35,29,21,155,1,,1,,,0.000081,0.000543,0.000739,1.3,bde11527c8a9
thr,6,0,0,padded,ok,20,15,56,56,0,42,35,,0,1,,,0.000071,0.000951,0.001137,1.3,bde11527c8a9
thr-dual,6,0,0,b1,ok,15,20,64,,,,,,,,1,,,,0.000040,1.3,f67f42887755
pairs,8,0,0,b3,ok,4,,9,,,,,,,,,1,,,0.000005,1.3,
pairs,8,0,0,b2,ok,4,16,191,,,,,,,,1,,,,0.000096,1.3,21e4a96a0af8
pairs,8,0,0,b1,ok,4,16,256,,,,,,,,1,,,,0.000094,1.3,21e4a96a0af8
pairs,8,0,0,padded_shrink,ok,4,16,36,20,16,5,52,1,,1,,,0.000036,0.000010,0.000083,1.3,21e4a96a0af8
pairs,8,0,0,alg1,ok,4,16,20,20,0,5,20,1,1,1,,,0.000015,0.000013,0.000040,1.3,21e4a96a0af8
thr-dual,6,0,0,b3,ok,15,,7,,,,,,,,,1,,,0.000004,1.3,
thr-dual,6,0,0,b2,ok,15,20,42,,,,,,,,1,,,,0.000031,1.3,f67f42887755
dual,8,0,0,alg1,ok,16,4,20,50,0,17,20,1,1,1,,,0.000024,0.000220,0.000311,1.3,52b001be8c4e
dual,8,0,0,b3,ok,16,,9,,,,,,,,,1,,,0.000009,1.3,
dual,8,0,0,b2,ok,16,4,85,,,,,,,,1,,,,0.000078,1.3,52b001be8c4e
dual,8,0,0,b1,ok,16,4,256,,,,,,,,1,,,,0.000209,1.3,52b001be8c4e
dual,8,0,0,padded_shrink,ok,16,4,80,59,60,17,148,1,,1,,,0.000108,0.000380,0.000640,1.3,52b001be8c4e
dual,8,0,0,padded,ok,16,4,76,294,0,73,20,,0,1,,,0.000177,0.003542,0.004112,1.3,52b001be8c4e
thr,8,0,0,b3,ok,70,,9,,,,,,,,,1,,,0.000020,1.3,
thr,8,0,0,b2,ok,70,56,219,,,,,,,,1,,,,0.000588,1.3,9268c1370968
thr,8,0,0,b1,ok,70,56,256,,,,,,,,1,,,,0.000567,1.3,9268c1370968
thr-dual,8,0,0,b1,ok,56,70,256,,,,,,,,1,,,,0.000638,1.3,1ca3f1688d5e
pairs,8,0,0,padded,ok,4,16,98,802,0,83,20,,0,1,,,0.000097,0.011050,0.011923,1.4,21e4a96a0af8
rand-m1,10,10,0,alg1,ok,4,2,6,6,0,5,6,1,1,1,,,0.000005,0.000005,0.000019,1.3,fb2fc88b9019
thr-dual,8,0,0,b3,ok,56,,9,,,,,,,,,1,,,0.000019,1.3,
thr-dual,8,0,0,b2,ok,56,70,163,,,,,,,,1,,,,0.000509,1.3,1ca3f1688d5e
rand-m1,10,10,0,b1,ok,4,2,1024,,,,,,,,1,,,,0.000323,1.3,fb2fc88b9019
rand-m1,10,10,0,padded_shrink,ok,4,2,19,6,13,5,46,1,,1,,,0.000018,0.000003,0.000051,1.3,fb2fc88b9019
rand-m1,10,10,0,b3,ok,4,,11,,,,,,,,,1,,,0.000004,1.3,
rand-m1,10,10,0,b2,ok,4,2,930,,,,,,,,1,,,,0.000242,1.3,fb2fc88b9019
rand-m1,10,10,1,alg1,ok,6,8,14,22,0,7,14,1,1,1,,,0.000008,0.000024,0.000049,1.3,3dbda47ddffb
thr-dual,8,0,0,alg1,ok,56,70,126,126,0,57,126,1,1,1,,,0.000197,0.007505,0.008145,1.3,1ca3f1688d5e
rand-m1,10,10,1,padded_shrink,ok,6,8,37,18,23,7,74,1,,1,,,0.000039,0.000024,0.000109,1.3,3dbda47ddffb
thr-dual,8,0,0,padded_shrink,ok,56,70,153,126,97,57,574,1,,1,,,0.000356,0.007190,0.008288,1.4,1ca3f1688d5e
thr,8,0,0,alg1,ok,70,56,126,126,0,71,126,1,1,1,,,0.000245,0.011132,0.011951,1.4,9268c1370968
thr,8,0,0,padded_shrink,ok,70,56,176,126,106,71,686,1,,1,,,0.000452,0.011137,0.012385,1.4,9268c1370968
rand-m1,10,10,2,alg1,ok,6,5,11,11,0,7,11,1,1,1,,,0.000009,0.000026,0.000046,1.3,3f59910248ec
rand-m1,10,10,1,b3,ok,6,,11,,,,,,,,,1,,,0.000007,1.3,
rand-m1,10,10,1,b2,ok,6,8,852,,,,,,,,1,,,,0.000486,1.3,3dbda47ddffb
rand-m1,10,10,1,b1,ok,6,8,1024,,,,,,,,1,,,,0.000562,1.3,3dbda47ddffb
thr-dual,8,0,0,padded,ok,56,70,162,162,0,93,126,,0,1,,,0.000510,0.009627,0.010776,1.4,1ca3f1688d5e
rand-m1,10,10,3,alg1,ok,3,2,5,5,0,4,5,1,1,1,,,0.000007,0.000004,0.000015,1.3,f6ef83e5d69d
rand-m1,10,10,2,b3,ok,6,,11,,,,,,,,,1,,,0.000009,1.3,
rand-m1,10,10,2,b2,ok,6,5,877,,,,,,,,1,,,,0.000404,1.3,3f59910248ec
rand-m1,10,10,2,b1,ok,6,5,1024,,,,,,,,1,,,,0.000398,1.3,3f59910248ec
rand-m1,10,10,2,padded_shrink,ok,6,5,34,15,23,7,71,1,,1,,,0.000026,0.000019,0.000095,1.3,3f59910248ec
rand-m1,10,10,3,b3,ok,3,,11,,,,,,,,,1,,,0.000004,1.3,
rand-m1,10,10,3,b2,ok,3,2,834,,,,,,,,1,,,,0.000281,1.3,f6ef83e5d69d
rand-m1,10,10,3,b1,ok,3,2,1024,,,,,,,,1,,,,0.000367,1.3,f6ef83e5d69d
rand-m1,10,10,3,padded_shrink,ok,3,2,15,5,10,4,35,1,,1,,,0.000019,0.000001,0.000037,1.3,f6ef83e5d69d
rand-m1,10,10,4,alg1,ok,6,8,14,15,0,7,14,1,1,1,,,0.000010,0.000026,0.000049,1.3,a3c61b85b111
rand-m1,10,10,4,b1,ok,6,8,1024,,,,,,,,1,,,,0.000395,1.3,a3c61b85b111
rand-m1,10,10,4,padded_shrink,ok,6,8,39,18,25,7,74,1,,1,,,0.000040,0.000032,0.000125,1.3,a3c61b85b111
rand-m1,10,10,4,b2,ok,6,8,864,,,,,,,,1,,,,0.000505,1.3,a3c61b85b111
rand-m1,10,10,5,alg1,ok,6,3,9,13,0,7,9,1,1,1,,,0.000008,0.000018,0.000035,1.3,7de70b5efd44
rand-m1,10,10,4,b3,ok,6,,11,,,,,,,,,1,,,0.000008,1.3,
rand-m1,10,10,5,padded_shrink,ok,6,3,30,13,21,7,69,1,,1,,,0.000027,0.000018,0.000090,1.3,7de70b5efd44
rand-m1,10,10,5,b2,ok,6,3,915,,,,,,,,1,,,,0.000284,1.3,7de70b5efd44
rand-m1,10,10,5,b1,ok,6,3,1024,,,,,,,,1,,,,0.000436,1.3,7de70b5efd44
rand-m1,10,10,5,b3,ok,6,,11,,,,,,,,,1,,,0.000021,1.3,
rand-m1,10,10,6,alg1,ok,5,4,9,9,0,6,9,1,1,1,,,0.000009,0.000009,0.000027,1.3,a2e4c590825e
thr,8,0,0,padded,ok,70,56,210,210,0,155,126,,0,1,,,0.000465,0.026682,0.028485,1.6,9268c1370968
rand-m1,10,10,6,padded_shrink,ok,5,4,25,9,16,6,59,1,,1,,,0.000027,0.000007,0.000063,1.3,a2e4c590825e
rand-m1,10,10,6,b1,ok,5,4,1024,,,,,,,,1,,,,0.000378,1.3,a2e4c590825e
rand-m1,10,10,6,b2,ok,5,4,956,,,,,,,,1,,,,0.000280,1.3,a2e4c590825e
rand-m1,10,10,6,b3,ok,5,,11,,,,,,,,,1,,,0.000006,1.3,
rand-m1,10,10,7,alg1,ok,5,2,7,7,0,6,7,1,1,1,,,0.000007,0.000008,0.000023,1.3,28b4f9a7154b
rand-m1,10,10,7,padded_shrink,ok,5,2,21,7,14,6,57,1,,1,,,0.000025,0.000010,0.000078,1.3,28b4f9a7154b
rand-m1,10,10,7,b1,ok,5,2,1024,,,,,,,,1,,,,0.000322,1.3,28b4f9a7154b
rand-m1,10,10,7,b2,ok,5,2,978,,,,,,,,1,,,,0.000248,1.3,28b4f9a7154b
rand-m1,10,10,7,b3,ok,5,,11,,,,,,,,,1,,,0.000006,1.3,
rand-m1,10,10,8,alg1,ok,3,2,5,5,0,4,5,1,1,1,,,0.000005,0.000002,0.000016,1.3,ed93b9f51d35
rand-m1,10,10,8,padded_shrink,ok,3,2,14,5,9,4,35,1,,1,,,0.000019,0.000003,0.000038,1.3,ed93b9f51d35
rand-m1,10,10,8,b1,ok,3,2,1024,,,,,,,,1,,,,0.000369,1.3,ed93b9f51d35
rand-m1,10,10,3,padded,ok,3,2,107,301,0,106,5,,0,1,,,0.000157,0.019536,0.020625,1.5,f6ef83e5d69d
rand-m1,10,10,8,b2,ok,3,2,834,,,,,,,,1,,,,0.000259,1.3,ed93b9f51d35
rand-m1,10,10,8,b3,ok,3,,11,,,,,,,,,1,,,0.000005,1.3,
rand-m1,10,10,0,padded,ok,4,2,130,364,0,129,6,,0,1,,,0.000132,0.031438,0.032945,1.6,fb2fc88b9019
rand-m1,10,10,9,alg1,ok,7,11,18,19,0,8,18,1,1,1,,,0.000014,0.000045,0.000076,1.3,50ba5607554c
rand-m1,10,10,9,padded_shrink,ok,7,11,49,19,31,8,88,1,,1,,,0.000065,0.000048,0.000179,1.3,50ba5607554c
rand-m1,10,10,9,b1,ok,7,11,1024,,,,,,,,1,,,,0.000509,1.3,50ba5607554c
rand-m1,10,10,9,b2,ok,7,11,823,,,,,,,,1,,,,0.000553,1.3,50ba5607554c
rand-m1,10,10,9,b3,ok,7,,11,,,,,,,,,1,,,0.000007,1.3,
rand-m2,10,20,0,alg1,ok,8,6,14,14,0,9,14,1,1,1,,,0.000017,0.000028,0.000059,1.3,9d938593527d
rand-m2,10,20,0,padded_shrink,ok,8,6,38,14,25,9,94,1,,1,,,0.000047,0.000028,0.000127,1.3,9d938593527d
rand-m2,10,20,0,b1,ok,8,6,1024,,,,,,,,1,,,,0.000342,1.3,9d938593527d
rand-m2,10,20,0,b2,ok,8,6,1006,,,,,,,,1,,,,0.000265,1.3,9d938593527d
rand-m2,10,20,0,b3,ok,8,,11,,,,,,,,,1,,,0.000007,1.3,
rand-m1,10,10,2,padded,ok,6,5,139,688,0,135,11,,0,1,,,0.000156,0.034238,0.035855,1.6,3f59910248ec
rand-m2,10,20,1,alg1,ok,7,1,8,8,0,8,8,1,1,1,,,0.000007,0.000015,0.000043,1.3,2832968fd00a
rand-m2,10,20,1,padded_shrink,ok,7,1,26,8,18,8,78,1,,1,,,0.000032,0.000010,0.000075,1.3,2832968fd00a
rand-m2,10,20,1,b1,ok,7,1,1024,,,,,,,,1,,,,0.000318,1.3,2832968fd00a
rand-m2,10,20,1,b2,ok,7,1,1017,,,,,,,,1,,,,0.000226,1.3,2832968fd00a
rand-m2,10,20,1,b3,ok,7,,11,,,,,,,,,1,,,0.000006,1.3,
rand-m2,10,20,2,alg1,ok,6,1,7,7,0,7,7,1,1,1,,,0.000005,0.000010,0.000026,1.3,058f216bb6ee
rand-m1,10,10,8,padded,ok,3,2,107,299,0,106,5,,0,1,,,0.000107,0.019456,0.020420,1.5,ed93b9f51d35
rand-m2,10,20,2,padded_shrink,ok,6,1,23,7,16,7,67,1,,1,,,0.000020,0.000008,0.000069,1.3,058f216bb6ee
rand-m2,10,20,2,b1,ok,6,1,1024,,,,,,,,1,,,,0.000314,1.3,058f216bb6ee
rand-m2,10,20,2,b2,ok,6,1,1009,,,,,,,,1,,,,0.000221,1.3,058f216bb6ee
rand-m2,10,20,2,b3,ok,6,,11,,,,,,,,,1,,,0.000006,1.3,
rand-m2,10,20,3,alg1,ok,6,1,7,7,0,7,7,1,1,1,,,0.000013,0.000009,0.000050,1.3,45023f853bdb
rand-m1,10,10,4,padded,ok,6,8,146,1042,0,139,14,,0,1,,,0.000146,0.041344,0.043083,1.8,a3c61b85b111
rand-m2,10,20,3,padded_shrink,ok,6,1,24,7,17,7,67,1,,1,,,0.000028,0.000009,0.000070,1.3,45023f853bdb
rand-m2,10,20,3,b1,ok,6,1,1024,,,,,,,,1,,,,0.000310,1.3,45023f853bdb
rand-m2,10,20,3,b2,ok,6,1,1009,,,,,,,,1,,,,0.000204,1.3,45023f853bdb
rand-m2,10,20,3,b3,ok,6,,11,,,,,,,,,1,,,0.000007,1.3,
rand-m2,10,20,4,alg1,ok,8,2,10,10,0,9,10,1,1,1,,,0.000009,0.000023,0.000046,1.3,87f040ff0639
rand-m1,10,10,5,padded,ok,6,3,151,545,0,149,9,,0,1,,,0.000160,0.049200,0.051174,1.9,7de70b5efd44
rand-m1,10,10,7,padded,ok,5,2,147,373,0,146,7,,0,1,,,0.000136,0.043056,0.044811,1.9,28b4f9a7154b
rand-m2,10,20,4,padded_shrink,ok,8,2,30,10,21,9,90,1,,1,,,0.000054,0.000020,0.000106,1.3,87f040ff0639
rand-m2,10,20,4,b1,ok,8,2,1024,,,,,,,,1,,,,0.000343,1.3,87f040ff0639
rand-m1,10,10,1,padded,ok,6,8,163,1073,0,156,14,,0,1,,,0.000189,0.065885,0.068595,2.0,3dbda47ddffb
rand-m2,10,20,4,b3,ok,8,,11,,,,,,,,,1,,,0.000007,1.3,
rand-m2,10,20,4,b2,ok,8,2,1016,,,,,,,,1,,,,0.000209,1.3,87f040ff0639
rand-m2,10,20,5,alg1,ok,7,2,9,9,0,8,9,1,1,1,,,0.000012,0.000014,0.000035,1.3,470d147959eb
rand-m2,10,20,5,padded_shrink,ok,7,2,27,9,18,8,79,1,,1,,,0.000030,0.000011,0.000078,1.3,470d147959eb
rand-m1,10,10,6,padded,ok,5,4,147,595,0,144,9,,0,1,,,0.000175,0.051484,0.053638,1.8,a2e4c590825e
rand-m2,10,20,5,b1,ok,7,2,1024,,,,,,,,1,,,,0.000502,1.3,470d147959eb
rand-m2,10,20,5,b2,ok,7,2,1014,,,,,,,,1,,,,0.000225,1.3,470d147959eb
rand-m2,10,20,5,b3,ok,7,,11,,,,,,,,,1,,,0.000007,1.3,
rand-m2,10,20,6,alg1,ok,6,1,7,7,0,7,7,1,1,1,,,0.000008,0.000011,0.000026,1.3,8871b1c8bcad
rand-m2,10,20,6,padded_shrink,ok,6,1,21,7,14,7,67,1,,1,,,0.000015,0.000018,0.000065,1.3,8871b1c8bcad
rand-m2,10,20,6,b1,ok,6,1,1024,,,,,,,,1,,,,0.000352,1.3,8871b1c8bcad
rand-m2,10,20,6,b2,ok,6,1,1009,,,,,,,,1,,,,0.000226,1.3,8871b1c8bcad
rand-m2,10,20,6,b3,ok,6,,11,,,,,,,,,1,,,0.000005,1.3,
rand-m2,10,20,7,alg1,ok,7,1,8,8,0,8,8,1,1,1,,,0.000009,0.000012,0.000031,1.3,d8f79bed4ae5
rand-m2,10,20,7,padded_shrink,ok,7,1,25,8,17,8,78,1,,1,,,0.000027,0.000012,0.000077,1.3,d8f79bed4ae5
rand-m2,10,20,7,b1,ok,7,1,1024,,,,,,,,1,,,,0.000304,1.3,d8f79bed4ae5
rand-m2,10,20,7,b2,ok,7,1,1017,,,,,,,,1,,,,0.000201,1.3,d8f79bed4ae5
rand-m2,10,20,7,b3,ok,7,,11,,,,,,,,,1,,,0.000015,1.3,
rand-m2,10,20,8,alg1,ok,8,3,11,13,0,9,11,1,1,1,,,0.000012,0.000029,0.000054,1.3,aaf914025765
rand-m1,10,10,9,padded,ok,7,11,167,1489,0,157,18,,0,1,,,0.000172,0.060065,0.062285,2.0,50ba5607554c
rand-m2,10,20,8,padded_shrink,ok,8,3,36,13,25,9,91,1,,1,,,0.000041,0.000026,0.000121,1.3,aaf914025765
rand-m2,10,20,8,b1,ok,8,3,1024,,,,,,,,1,,,,0.000337,1.3,aaf914025765
rand-m2,10,20,8,b2,ok,8,3,997,,,,,,,,1,,,,0.000246,1.3,aaf914025765
rand-m2,10,20,8,b3,ok,8,,11,,,,,,,,,1,,,0.000008,1.3,
rand-m2,10,20,9,alg1,ok,10,3,13,16,0,11,13,1,1,1,,,0.000016,0.000044,0.000078,1.3,99dc3d080b80
rand-m2,10,20,1,padded,ok,7,1,169,263,0,169,8,,0,1,,,0.000158,0.067284,0.069457,2.2,2832968fd00a
rand-m2,10,20,9,padded_shrink,ok,10,3,35,17,25,11,113,1,,1,,,0.000052,0.000043,0.000151,1.3,99dc3d080b80
rand-m2,10,20,9,b1,ok,10,3,1024,,,,,,,,1,,,,0.000322,1.3,99dc3d080b80
rand-m2,10,20,9,b2,ok,10,3,1015,,,,,,,,1,,,,0.000216,1.3,99dc3d080b80
rand-m2,10,20,9,b3,ok,10,,11,,,,,,,,,1,,,0.000007,1.3,
rand-m4,10,40,0,alg1,ok,8,1,9,9,0,9,9,1,1,1,,,0.000009,0.000020,0.000040,1.3,06e236bcb2f1
rand-m2,10,20,2,padded,ok,6,1,162,271,0,162,7,,0,1,,,0.000191,0.067575,0.069844,2.1,058f216bb6ee
rand-m4,10,40,0,padded_shrink,ok,8,1,27,9,19,9,89,1,,1,,,0.000030,0.000026,0.000093,1.3,06e236bcb2f1
rand-m2,10,20,0,padded,ok,8,6,173,479,0,168,14,,0,1,,,0.000200,0.080611,0.083371,2.3,9d938593527d
rand-m4,10,40,0,b1,ok,8,1,1024,,,,,,,,1,,,,0.000318,1.3,06e236bcb2f1
rand-m2,10,20,3,padded,ok,6,1,162,292,0,162,7,,0,1,,,0.000174,0.063999,0.066272,2.2,45023f853bdb
rand-m4,10,40,0,b3,ok,8,,11,,,,,,,,,1,,,0.000006,1.3,
rand-m4,10,40,0,b2,ok,8,1,1021,,,,,,,,1,,,,0.000204,1.3,06e236bcb2f1
rand-m4,10,40,1,alg1,ok,8,1,9,9,0,9,9,1,1,1,,,0.000008,0.000017,0.000039,1.3,46c3b37626fb
rand-m4,10,40,1,padded_shrink,ok,8,1,28,9,20,9,89,1,,1,,,0.000035,0.000017,0.000088,1.3,46c3b37626fb
rand-m4,10,40,1,b1,ok,8,1,1024,,,,,,,,1,,,,0.000314,1.3,46c3b37626fb
rand-m4,10,40,1,b2,ok,8,1,1021,,,,,,,,1,,,,0.000205,1.3,46c3b37626fb
rand-m4,10,40,1,b3,ok,8,,11,,,,,,,,,1,,,0.000007,1.3,
rand-m4,10,40,2,alg1,ok,9,1,10,10,0,10,10,1,1,1,,,0.000006,0.000021,0.000045,1.3,8f3598be4d5d
rand-m4,10,40,2,padded_shrink,ok,9,1,28,10,19,10,100,1,,1,,,0.000058,0.000036,0.000214,1.3,8f3598be4d5d
rand-m4,10,40,2,b1,ok,9,1,1024,,,,,,,,1,,,,0.000302,1.3,8f3598be4d5d
rand-m4,10,40,2,b2,ok,9,1,1023,,,,,,,,1,,,,0.000200,1.3,8f3598be4d5d
rand-m4,10,40,2,b3,ok,9,,11,,,,,,,,,1,,,0.000007,1.3,
rand-m4,10,40,3,alg1,ok,8,1,9,9,0,9,9,1,1,1,,,0.000013,0.000016,0.000036,1.3,9d74ff512760
rand-m2,10,20,4,padded,ok,8,2,169,275,0,168,10,,0,1,,,0.000341,0.069998,0.072435,2.3,87f040ff0639
rand-m4,10,40,3,padded_shrink,ok,8,1,28,9,20,9,89,1,,1,,,0.000029,0.000018,0.000097,1.3,9d74ff512760
rand-m4,10,40,3,b1,ok,8,1,1024,,,,,,,,1,,,,0.000319,1.3,9d74ff512760
rand-m4,10,40,3,b2,ok,8,1,1021,,,,,,,,1,,,,0.000485,1.3,9d74ff512760
rand-m4,10,40,3,b3,ok,8,,11,,,,,,,,,1,,,0.000007,1.3,
rand-m4,10,40,4,alg1,ok,7,3,10,10,0,8,10,1,1,1,,,0.000008,0.000016,0.000038,1.3,72b4ef8dc191
rand-m2,10,20,6,padded,ok,6,1,162,269,0,162,7,,0,1,,,0.000171,0.063219,0.065438,2.1,8871b1c8bcad
rand-m4,10,40,4,padded_shrink,ok,7,3,27,10,19,8,80,1,,1,,,0.000031,0.000014,0.000090,1.3,72b4ef8dc191
rand-m4,10,40,4,b1,ok,7,3,1024,,,,,,,,1,,,,0.000888,1.3,72b4ef8dc191
rand-m4,10,40,4,b2,ok,7,3,1005,,,,,,,,1,,,,0.000243,1.3,72b4ef8dc191
rand-m2,10,20,5,padded,ok,7,2,167,289,0,166,9,,0,1,,,0.000174,0.071005,0.073467,2.1,470d147959eb
rand-m4,10,40,4,b3,ok,7,,11,,,,,,,,,1,,,0.000005,1.3,
rand-m4,10,40,5,alg1,ok,8,3,11,11,0,9,11,1,1,1,,,0.000007,0.000023,0.000045,1.3,03843fd603a2
rand-m4,10,40,5,padded_shrink,ok,8,3,28,11,19,9,91,1,,1,,,0.000039,0.000021,0.000102,1.3,03843fd603a2
rand-m4,10,40,5,b1,ok,8,3,1024,,,,,,,,1,,,,0.000339,1.3,03843fd603a2
rand-m4,10,40,5,b2,ok,8,3,1016,,,,,,,,1,,,,0.000236,1.3,03843fd603a2
rand-m4,10,40,5,b3,ok,8,,11,,,,,,,,,1,,,0.000007,1.3,
rand-m4,10,40,6,alg1,ok,9,1,10,10,0,10,10,1,1,1,,,0.000005,0.000027,0.000064,1.3,d66fe607f3a4
rand-m2,10,20,7,padded,ok,7,1,169,237,0,169,8,,0,1,,,0.000172,0.073430,0.075725,2.2,d8f79bed4ae5
rand-m2,10,20,8,padded,ok,8,3,164,413,0,162,11,,0,1,,,0.000171,0.068486,0.070741,2.1,aaf914025765
rand-m4,10,40,6,padded_shrink,ok,9,1,28,10,19,10,100,1,,1,,,0.000034,0.000020,0.000108,1.3,d66fe607f3a4
rand-m4,10,40,6,b1,ok,9,1,1024,,,,,,,,1,,,,0.000324,1.3,d66fe607f3a4
rand-m4,10,40,6,b2,ok,9,1,1023,,,,,,,,1,,,,0.000436,1.3,d66fe607f3a4
rand-m4,10,40,6,b3,ok,9,,11,,,,,,,,,1,,,0.000006,1.3,
rand-m4,10,40,7,alg1,ok,8,1,9,9,0,9,9,1,1,1,,,0.000008,0.000020,0.000053,1.3,7b673b1015c5
rand-m4,10,40,7,padded_shrink,ok,8,1,27,9,19,9,89,1,,1,,,0.000036,0.000021,0.000090,1.3,7b673b1015c5
rand-m4,10,40,7,b1,ok,8,1,1024,,,,,,,,1,,,,0.000336,1.3,7b673b1015c5
rand-m4,10,40,7,b2,ok,8,1,1021,,,,,,,,1,,,,0.000210,1.3,7b673b1015c5
rand-m4,10,40,7,b3,ok,8,,11,,,,,,,,,1,,,0.000004,1.3,
rand-m4,10,40,8,alg1,ok,8,1,9,9,0,9,9,1,1,1,,,0.000009,0.000020,0.000040,1.3,a47875986a1c
rand-m2,10,20,9,padded,ok,10,3,172,305,0,170,13,,0,1,,,0.000172,0.067364,0.069833,2.1,99dc3d080b80
rand-m4,10,40,8,padded_shrink,ok,8,1,27,9,18,9,89,1,,1,,,0.000029,0.000017,0.000090,1.3,a47875986a1c
rand-m4,10,40,8,b1,ok,8,1,1024,,,,,,,,1,,,,0.000328,1.3,a47875986a1c
rand-m4,10,40,8,b2,ok,8,1,1021,,,,,,,,1,,,,0.000202,1.3,a47875986a1c
rand-m4,10,40,8,b3,ok,8,,11,,,,,,,,,1,,,0.000008,1.3,
rand-m4,10,40,9,alg1,ok,9,1,10,10,0,10,10,1,1,1,,,0.000010,0.000023,0.000051,1.3,d66fe607f3a4
rand-m4,10,40,0,padded,ok,8,1,173,193,0,173,9,,0,1,,,0.000168,0.068677,0.070957,2.1,06e236bcb2f1
rand-m4,10,40,9,padded_shrink,ok,9,1,28,10,19,10,100,1,,1,,,0.000035,0.000024,0.000105,1.3,d66fe607f3a4
rand-m4,10,40,9,b1,ok,9,1,1024,,,,,,,,1,,,,0.000313,1.3,d66fe607f3a4
rand-m4,10,40,9,b2,ok,9,1,1023,,,,,,,,1,,,,0.000198,1.3,d66fe607f3a4
rand-m4,10,40,9,b3,ok,9,,11,,,,,,,,,1,,,0.000007,1.3,
pairs,10,0,0,alg1,ok,5,32,37,37,0,6,37,1,1,1,,,0.000016,0.000034,0.000083,1.3,4c3246666eff
rand-m4,10,40,2,padded,ok,9,1,175,184,0,175,10,,0,1,,,0.000190,0.065402,0.067806,2.2,8f3598be4d5d
pairs,10,0,0,padded_shrink,ok,5,32,57,37,20,6,87,1,,1,,,0.000041,0.000047,0.000158,1.4,4c3246666eff
pairs,10,0,0,b1,ok,5,32,1024,,,,,,,,1,,,,0.000470,1.4,4c3246666eff
rand-m4,10,40,1,padded,ok,8,1,173,211,0,173,9,,0,1,,,0.000217,0.073147,0.075643,2.2,46c3b37626fb
pairs,10,0,0,b3,ok,5,,11,,,,,,,,,1,,,0.000025,1.4,
pairs,10,0,0,b2,ok,5,32,813,,,,,,,,1,,,,0.001068,1.4,4c3246666eff
dual,10,0,0,alg1,ok,32,5,37,137,0,33,37,1,1,1,,,0.000040,0.001038,0.001278,1.4,e858f1478a65
dual,10,0,0,padded_shrink,ok,32,5,190,168,153,33,357,1,,1,,,0.000530,0.001484,0.002577,1.5,e858f1478a65
rand-m4,10,40,4,padded,ok,7,3,162,437,0,160,10,,0,1,,,0.000150,0.063638,0.065932,2.1,72b4ef8dc191
dual,10,0,0,b1,ok,32,5,1024,,,,,,,,1,,,,0.001488,1.4,e858f1478a65
rand-m4,10,40,3,padded,ok,8,1,173,225,0,173,9,,0,1,,,0.000177,0.072855,0.075141,2.2,9d74ff512760
dual,10,0,0,b2,ok,32,5,248,,,,,,,,1,,,,0.000770,1.4,e858f1478a65
dual,10,0,0,b3,ok,32,,11,,,,,,,,,1,,,0.000020,1.4,
rand-m4,10,40,5,padded,ok,8,3,169,284,0,167,11,,0,1,,,0.000161,0.068099,0.070350,2.1,03843fd603a2
thr,10,0,0,b1,ok,252,210,1024,,,,,,,,1,,,,0.005706,1.5,629b7086cd49
rand-m4,10,40,6,padded,ok,9,1,175,182,0,175,10,,0,1,,,0.000199,0.071863,0.074178,2.3,d66fe607f3a4
thr,10,0,0,b3,ok,252,,11,,,,,,,,,1,,,0.000091,1.4,
thr,10,0,0,b2,ok,252,210,848,,,,,,,,1,,,,0.004269,1.5,629b7086cd49
rand-m4,10,40,7,padded,ok,8,1,173,192,0,173,9,,0,1,,,0.000169,0.072317,0.074772,2.2,7b673b1015c5
rand-m4,10,40,8,padded,ok,8,1,173,188,0,173,9,,0,1,,,0.000229,0.075468,0.078019,2.2,a47875986a1c
rand-m4,10,40,9,padded,ok,9,1,175,182,0,175,10,,0,1,,,0.000167,0.071560,0.073782,2.1,d66fe607f3a4
thr-dual,10,0,0,b1,ok,210,252,1024,,,,,,,,1,,,,0.006252,1.5,51bb20797955
thr-dual,10,0,0,b3,ok,210,,11,,,,,,,,,1,,,0.000074,1.4,
pairs,12,0,0,alg1,ok,6,64,70,70,0,7,70,1,1,1,,,0.000043,0.000077,0.000520,1.4,bf7170c4f079
pairs,12,0,0,padded_shrink,ok,6,64,94,70,24,7,142,1,,1,,,0.000068,0.000072,0.000241,1.4,bf7170c4f079
thr-dual,10,0,0,b2,ok,210,252,638,,,,,,,,1,,,,0.004262,1.5,51bb20797955
pairs,12,0,0,b1,ok,6,64,4096,,,,,,,,1,,,,0.002019,1.4,bf7170c4f079
pairs,12,0,0,b3,ok,6,,13,,,,,,,,,1,,,0.000008,1.4,
pairs,12,0,0,b2,ok,6,64,3431,,,,,,,,1,,,,0.004819,1.4,bf7170c4f079
dual,10,0,0,padded,ok,32,5,197,1073,0,193,37,,0,1,,,0.000381,0.059528,0.063366,2.0,e858f1478a65
dual,12,0,0,alg1,ok,64,6,70,357,0,65,70,1,1,1,,,0.000170,0.005642,0.006627,1.4,544b34e2399b
dual,12,0,0,padded_shrink,ok,64,6,422,409,352,65,838,1,,1,,,0.001172,0.010402,0.012858,1.7,544b34e2399b
dual,12,0,0,b2,ok,64,6,735,,,,,,,,1,,,,0.001675,1.4,544b34e2399b
dual,12,0,0,b3,ok,64,,13,,,,,,,,,1,,,0.000043,1.4,
dual,12,0,0,b1,ok,64,6,4096,,,,,,,,1,,,,0.011803,1.4,544b34e2399b
pairs,10,0,0,padded,ok,5,32,207,4099,0,176,37,,0,1,,,0.000218,0.149857,0.153916,2.7,4c3246666eff
thr,12,0,0,b2,ok,924,792,3302,,,,,,,,1,,,,0.073331,2.0,8345d3670940
thr,12,0,0,b3,ok,924,,13,,,,,,,,,1,,,0.000314,1.7,
thr,12,0,0,b1,ok,924,792,4096,,,,,,,,1,,,,0.088928,2.1,8345d3670940
thr-dual,12,0,0,b2,ok,792,924,2510,,,,,,,,1,,,,0.056461,2.1,805bb865b6ed
thr-dual,12,0,0,b3,ok,792,,13,,,,,,,,,1,,,0.000296,1.7,
pairs,14,0,0,alg1,ok,7,128,135,135,0,8,135,1,1,1,,,0.000080,0.000177,0.000542,1.4,05d7246271f0
pairs,14,0,0,padded_shrink,ok,7,128,163,135,28,8,233,1,,1,,,0.000113,0.000172,0.000580,1.4,05d7246271f0
pairs,14,0,0,b1,ok,7,128,16384,,,,,,,,1,,,,0.007279,1.4,05d7246271f0
thr-dual,12,0,0,b1,ok,792,924,4096,,,,,,,,1,,,,0.089119,2.1,805bb865b6ed
pairs,14,0,0,b3,ok,7,,15,,,,,,,,,1,,,0.000009,1.4,
pairs,14,0,0,b2,ok,7,128,14325,,,,,,,,1,,,,0.033537,1.5,05d7246271f0
dual,14,0,0,alg1,ok,128,7,135,884,0,129,135,1,1,1,,,0.000408,0.030492,0.034092,1.7,86f4a78780b8
dual,14,0,0,b1,ok,128,7,16384,,,,,,,,1,,,,0.082249,1.5,86f4a78780b8
dual,14,0,0,b2,ok,128,7,2194,,,,,,,,1,,,,0.007063,1.5,86f4a78780b8
dual,14,0,0,b3,ok,128,,15,,,,,,,,,1,,,0.000111,1.4,
dual,14,0,0,padded_shrink,ok,128,7,979,962,844,129,1927,1,,1,,,0.005486,0.096557,0.107171,3.0,86f4a78780b8
thr-dual,10,0,0,padded_shrink,ok,210,252,574,462,364,211,2562,1,,1,,,0.003914,0.351496,0.364206,3.4,51bb20797955
thr-dual,10,0,0,alg1,ok,210,252,462,462,0,211,462,1,1,1,,,0.002745,0.382240,0.393063,3.3,51bb20797955
thr,10,0,0,padded_shrink,ok,252,210,644,462,392,253,2982,1,,1,,,0.005252,0.526580,0.542261,3.8,629b7086cd49
thr,10,0,0,alg1,ok,252,210,462,462,0,253,462,1,1,1,,,0.002966,0.572940,0.586120,3.3,629b7086cd49
thr-dual,10,0,0,padded,ok,210,252,627,627,0,376,462,,0,1,,,0.003585,0.548585,0.564845,3.7,51bb20797955
dual,12,0,0,padded,ok,64,6,502,3368,0,497,70,,0,1,,,0.001460,1.083147,1.117323,3.6,544b34e2399b
thr,10,0,0,padded,ok,252,210,792,792,0,583,462,,0,1,,,0.005578,1.426889,1.457788,4.4,629b7086cd49
pairs,12,0,0,padded,ok,6,64,385,15921,0,322,70,,0,1,,,0.000706,1.310694,1.329760,3.8,bf7170c4f079
thr,14,0,0,b2,ok,3432,3003,12911,,,,,,,,1,,,,1.124668,5.6,52e438c9a96c
thr,14,0,0,b3,ok,3432,,15,,,,,,,,,1,,,0.001259,3.7,
thr,14,0,0,b1,ok,3432,3003,16384,,,,,,,,1,,,,1.397878,5.7,52e438c9a96c
thr-dual,14,0,0,b2,ok,3003,3432,9908,,,,,,,,1,,,,0.945485,5.2,133806591937
thr-dual,14,0,0,b3,ok,3003,,15,,,,,,,,,1,,,0.000994,3.8,
rand-m1,15,15,0,alg1,ok,6,6,12,15,0,7,12,1,1,1,,,0.000016,0.000016,0.000046,1.5,36d6bb431f7a
thr-dual,14,0,0,b1,ok,3003,3432,16384,,,,,,,,1,,,,1.416127,5.8,133806591937
rand-m1,15,15,0,padded_shrink,ok,6,6,35,15,23,7,102,1,,1,,,0.000042,0.000017,0.000109,1.5,36d6bb431f7a
rand-m1,15,15,0,b1,ok,6,6,32768,,,,,,,,1,,,,0.011125,1.5,36d6bb431f7a
rand-m1,15,15,0,b2,ok,6,6,30278,,,,,,,,1,,,,0.010659,1.6,36d6bb431f7a
rand-m1,15,15,0,b3,ok,6,,16,,,,,,,,,1,,,0.000009,1.5,
rand-m1,15,15,1,alg1,ok,8,10,18,18,0,9,18,1,1,1,,,0.000021,0.000037,0.000077,1.5,0322d0dd2ce5
rand-m1,15,15,0,padded,ok,6,6,420,2795,0,415,12,,0,1,,,0.000644,1.793680,1.810766,3.9,36d6bb431f7a
rand-m1,15,15,1,padded_shrink,ok,8,10,48,18,30,9,138,1,,1,,,0.000061,0.000039,0.000178,1.5,0322d0dd2ce5
rand-m1,15,15,1,b1,ok,8,10,32768,,,,,,,,1,,,,0.011069,1.5,0322d0dd2ce5
rand-m1,15,15,1,b2,ok,8,10,31818,,,,,,,,1,,,,0.012220,1.6,0322d0dd2ce5
rand-m1,15,15,1,b3,ok,8,,16,,,,,,,,,1,,,0.000012,1.5,
rand-m1,15,15,2,alg1,ok,10,20,30,34,0,11,30,1,1,1,,,0.000039,0.000106,0.000170,1.5,9e5ac981de71
rand-m1,15,15,1,padded,ok,8,10,501,4955,0,492,18,,0,1,,,0.001097,3.301112,3.329970,3.9,0322d0dd2ce5
rand-m1,15,15,2,padded_shrink,ok,10,20,67,34,37,11,180,1,,1,,,0.000118,0.000097,0.000336,1.7,9e5ac981de71
rand-m1,15,15,2,b1,ok,10,20,32768,,,,,,,,1,,,,0.011881,1.7,9e5ac981de71
rand-m1,15,15,2,b2,ok,10,20,31942,,,,,,,,1,,,,0.016031,1.8,9e5ac981de71
rand-m1,15,15,2,b3,ok,10,,16,,,,,,,,,1,,,0.000012,1.7,
rand-m1,15,15,3,alg1,ok,8,4,12,12,0,9,12,1,1,1,,,0.000013,0.000021,0.000047,1.7,09d6cb4b29e9
rand-m1,15,15,2,padded,ok,10,20,571,9912,0,552,30,,0,1,,,0.001416,4.834711,4.876208,4.2,9e5ac981de71
rand-m1,15,15,3,padded_shrink,ok,8,4,37,12,25,9,132,1,,1,,,0.000046,0.000023,0.000137,1.9,09d6cb4b29e9
rand-m1,15,15,3,b1,ok,8,4,32768,,,,,,,,1,,,,0.012235,1.9,09d6cb4b29e9
rand-m1,15,15,3,b2,ok,8,4,32484,,,,,,,,1,,,,0.007294,2.0,09d6cb4b29e9
rand-m1,15,15,3,b3,ok,8,,16,,,,,,,,,1,,,0.000009,1.9,
rand-m1,15,15,4,alg1,ok,8,12,20,20,0,9,20,1,1,1,,,0.000026,0.000030,0.000084,1.9,06f06c76761b
rand-m1,15,15,3,padded,ok,8,4,507,2305,0,504,12,,0,1,,,0.000972,3.659770,3.690546,4.2,09d6cb4b29e9
rand-m1,15,15,4,padded_shrink,ok,8,12,46,20,26,9,140,1,,1,,,0.000396,0.000033,0.000511,1.9,06f06c76761b
rand-m1,15,15,4,b1,ok,8,12,32768,,,,,,,,1,,,,0.011361,1.9,06f06c76761b
rand-m1,15,15,4,b2,ok,8,12,32276,,,,,,,,1,,,,0.012310,2.0,06f06c76761b
rand-m1,15,15,4,b3,ok,8,,16,,,,,,,,,1,,,0.000011,1.9,
rand-m1,15,15,5,alg1,ok,5,1,6,6,0,6,6,1,1,1,,,0.000006,0.000006,0.000021,1.9,efa12da2ac5b
pairs,14,0,0,padded,ok,7,128,660,56024,0,533,135,,0,1,,,0.001298,8.851328,8.913545,5.1,05d7246271f0
rand-m1,15,15,5,padded_shrink,ok,5,1,20,6,14,6,81,1,,1,,,0.000033,0.000021,0.000088,1.9,efa12da2ac5b
rand-m1,15,15,5,b1,ok,5,1,32768,,,,,,,,1,,,,0.011012,1.9,efa12da2ac5b
rand-m1,15,15,5,b2,ok,5,1,31745,,,,,,,,1,,,,0.006401,1.9,efa12da2ac5b
rand-m1,15,15,5,b3,ok,5,,16,,,,,,,,,1,,,0.000007,1.9,
rand-m1,15,15,6,alg1,ok,10,10,20,20,0,11,20,1,1,1,,,0.000029,0.000066,0.000119,1.9,b582f3232ab2
rand-m1,15,15,5,padded,ok,5,1,401,787,0,401,6,,0,1,,,0.000856,1.905314,1.925297,4.2,efa12da2ac5b
rand-m1,15,15,6,padded_shrink,ok,10,10,53,20,33,11,170,1,,1,,,0.000086,0.000071,0.000276,1.9,b582f3232ab2
rand-m1,15,15,6,b1,ok,10,10,32768,,,,,,,,1,,,,0.012942,1.9,b582f3232ab2
rand-m1,15,15,6,b2,ok,10,10,32306,,,,,,,,1,,,,0.010258,1.9,b582f3232ab2
rand-m1,15,15,6,b3,ok,10,,16,,,,,,,,,1,,,0.000012,1.9,
rand-m1,15,15,7,alg1,ok,8,6,14,14,0,9,14,1,1,1,,,0.000010,0.000037,0.000074,1.9,8985f0d4e4e0
rand-m1,15,15,4,padded,ok,8,12,512,5799,0,501,20,,0,1,,,0.000979,3.850238,3.882056,4.4,06f06c76761b
rand-m1,15,15,7,padded_shrink,ok,8,6,41,14,27,9,134,1,,1,,,0.000055,0.000025,0.000152,1.9,8985f0d4e4e0
rand-m1,15,15,7,b1,ok,8,6,32768,,,,,,,,1,,,,0.013378,1.9,8985f0d4e4e0
rand-m1,15,15,7,b2,ok,8,6,32246,,,,,,,,1,,,,0.008762,1.9,8985f0d4e4e0
rand-m1,15,15,7,b3,ok,8,,16,,,,,,,,,1,,,0.000011,1.9,
rand-m1,15,15,8,alg1,ok,6,5,11,11,0,7,11,1,1,1,,,0.000014,0.000011,0.000039,1.9,d62ee92d229b
rand-m1,15,15,6,padded,ok,10,10,544,5127,0,535,20,,0,1,,,0.001442,4.511333,4.549825,4.5,b582f3232ab2
rand-m1,15,15,8,padded_shrink,ok,6,5,33,11,22,7,101,1,,1,,,0.000045,0.000402,0.000524,1.9,d62ee92d229b
rand-m1,15,15,8,b1,ok,6,5,32768,,,,,,,,1,,,,0.013267,1.9,d62ee92d229b
rand-m1,15,15,8,b2,ok,6,5,31173,,,,,,,,1,,,,0.010050,1.9,d62ee92d229b
rand-m1,15,15,8,b3,ok,6,,16,,,,,,,,,1,,,0.000010,1.9,
rand-m1,15,15,9,alg1,ok,5,1,6,6,0,6,6,1,1,1,,,0.000009,0.000007,0.000022,1.9,0a53ec723387
rand-m1,15,15,8,padded,ok,6,5,422,2387,0,418,11,,0,1,,,0.000717,2.022516,2.042324,4.0,d62ee92d229b
rand-m1,15,15,9,padded_shrink,ok,5,1,19,6,13,6,81,1,,1,,,0.000031,0.000006,0.000064,1.9,0a53ec723387
rand-m1,15,15,9,b1,ok,5,1,32768,,,,,,,,1,,,,0.011620,1.9,0a53ec723387
rand-m1,15,15,9,b2,ok,5,1,31745,,,,,,,,1,,,,0.008815,1.9,0a53ec723387
rand-m1,15,15,9,b3,ok,5,,16,,,,,,,,,1,,,0.000009,1.9,
rand-m2,15,30,0,alg1,ok,13,10,23,30,0,14,23,1,1,1,,,0.000037,0.000563,0.000652,1.9,806c19138598
rand-m1,15,15,7,padded,ok,8,6,500,3158,0,495,14,,0,1,,,0.001264,3.525385,3.558758,4.5,8985f0d4e4e0
rand-m2,15,30,0,padded_shrink,ok,13,10,72,30,49,14,218,1,,1,,,0.000121,0.000141,0.000791,1.9,806c19138598
rand-m2,15,30,0,b1,ok,13,10,32768,,,,,,,,1,,,,0.014419,1.9,806c19138598
rand-m2,15,30,0,b2,ok,13,10,32470,,,,,,,,1,,,,0.008599,1.9,806c19138598
rand-m2,15,30,0,b3,ok,13,,16,,,,,,,,,1,,,0.000017,1.9,
rand-m2,15,30,1,alg1,ok,10,7,17,18,0,11,17,1,1,1,,,0.000046,0.000049,0.000133,1.9,2ff7a7925619
rand-m1,15,15,9,padded,ok,5,1,401,787,0,401,6,,0,1,,,0.000515,1.850869,1.869582,4.1,0a53ec723387
rand-m2,15,30,1,padded_shrink,ok,10,7,53,18,36,11,167,1,,1,,,0.000072,0.000214,0.000389,1.9,2ff7a7925619
rand-m2,15,30,1,b1,ok,10,7,32768,,,,,,,,1,,,,0.014407,1.9,2ff7a7925619
rand-m2,15,30,1,b2,ok,10,7,32531,,,,,,,,1,,,,0.008648,1.9,2ff7a7925619
rand-m2,15,30,1,b3,ok,10,,16,,,,,,,,,1,,,0.000012,1.9,
rand-m2,15,30,2,alg1,ok,11,2,13,13,0,12,13,1,1,1,,,0.000011,0.000036,0.000069,1.9,3e2d57efd0a1
rand-m2,15,30,1,padded,ok,10,7,539,3553,0,533,17,,0,1,,,0.001351,4.506693,4.545908,4.7,2ff7a7925619
rand-m2,15,30,2,padded_shrink,ok,11,2,40,13,27,12,178,1,,1,,,0.000093,0.000047,0.000259,1.9,3e2d57efd0a1
rand-m2,15,30,2,b1,ok,11,2,32768,,,,,,,,1,,,,0.015804,1.9,3e2d57efd0a1
rand-m2,15,30,2,b2,ok,11,2,32746,,,,,,,,1,,,,0.006728,1.9,3e2d57efd0a1
rand-m2,15,30,2,b3,ok,11,,16,,,,,,,,,1,,,0.000014,1.9,
rand-m2,15,30,3,alg1,ok,12,4,16,16,0,13,16,1,1,1,,,0.000041,0.000104,0.000182,1.9,28038981bfb9
rand-m2,15,30,0,padded,ok,13,10,590,5262,0,581,23,,0,1,,,0.001510,6.232877,6.281252,4.7,806c19138598
rand-m2,15,30,3,padded_shrink,ok,12,4,49,16,35,13,196,1,,1,,,0.000098,0.000061,0.000270,1.9,28038981bfb9
rand-m2,15,30,3,b1,ok,12,4,32768,,,,,,,,1,,,,0.012088,1.9,28038981bfb9
rand-m2,15,30,3,b2,ok,12,4,32736,,,,,,,,1,,,,0.007009,1.9,28038981bfb9
rand-m2,15,30,3,b3,ok,12,,16,,,,,,,,,1,,,0.000016,1.9,
rand-m2,15,30,4,alg1,ok,11,4,15,15,0,12,15,1,1,1,,,0.000019,0.000047,0.000097,1.9,0f14343ee719
rand-m2,15,30,2,padded,ok,11,2,559,1155,0,558,13,,0,1,,,0.001465,5.647209,5.689552,4.7,3e2d57efd0a1
rand-m2,15,30,4,padded_shrink,ok,11,4,49,15,34,12,180,1,,1,,,0.000080,0.000042,0.000217,1.9,0f14343ee719
rand-m2,15,30,4,b1,ok,11,4,32768,,,,,,,,1,,,,0.012036,1.9,0f14343ee719
rand-m2,15,30,4,b2,ok,11,4,32700,,,,,,,,1,,,,0.006548,1.9,0f14343ee719
rand-m2,15,30,4,b3,ok,11,,16,,,,,,,,,1,,,0.000012,1.9,
rand-m2,15,30,5,alg1,ok,11,4,15,15,0,12,15,1,1,1,,,0.000016,0.000046,0.000096,1.9,87811ddbb7f6
dual,14,0,0,padded,ok,128,7,1255,9835,0,1249,135,,0,1,,,0.006900,21.553638,21.881704,7.6,86f4a78780b8
rand-m2,15,30,5,padded_shrink,ok,11,4,46,15,31,12,180,1,,1,,,0.000061,0.000055,0.000215,1.9,87811ddbb7f6
rand-m2,15,30,5,b1,ok,11,4,32768,,,,,,,,1,,,,0.013512,1.9,87811ddbb7f6
rand-m2,15,30,5,b2,ok,11,4,32712,,,,,,,,1,,,,0.007067,1.9,87811ddbb7f6
rand-m2,15,30,5,b3,ok,11,,16,,,,,,,,,1,,,0.000012,1.9,
rand-m2,15,30,6,alg1,ok,11,4,15,21,0,12,15,1,1,1,,,0.000023,0.000047,0.000108,1.9,542dda8b6ff3
thr-dual,12,0,0,padded_shrink,ok,792,924,2166,1716,1374,793,11220,1,,1,,,0.051242,23.717963,23.939691,9.3,805bb865b6ed
thr-dual,12,0,0,alg1,ok,792,924,1716,1716,0,793,1716,1,1,1,,,0.042746,24.838846,25.044011,7.6,805bb865b6ed
rand-m2,15,30,3,padded,ok,12,4,560,1977,0,557,16,,0,1,,,0.001189,5.459244,5.500411,4.9,28038981bfb9
rand-m2,15,30,6,padded_shrink,ok,11,4,50,21,35,12,180,1,,1,,,0.000162,0.000120,0.000422,1.9,542dda8b6ff3
rand-m2,15,30,6,b1,ok,11,4,32768,,,,,,,,1,,,,0.013715,1.9,542dda8b6ff3
rand-m2,15,30,6,b2,ok,11,4,32532,,,,,,,,1,,,,0.010493,1.9,542dda8b6ff3
rand-m2,15,30,6,b3,ok,11,,16,,,,,,,,,1,,,0.000014,1.9,
rand-m2,15,30,7,alg1,ok,11,4,15,18,0,12,15,1,1,1,,,0.000025,0.000049,0.000104,1.9,165a1bd7bfd1
rand-m2,15,30,4,padded,ok,11,4,550,2262,0,547,15,,0,1,,,0.001271,5.294859,5.336845,4.7,0f14343ee719
rand-m2,15,30,7,padded_shrink,ok,11,4,51,18,36,12,180,1,,1,,,0.000131,0.000073,0.000347,1.9,165a1bd7bfd1
rand-m2,15,30,7,b1,ok,11,4,32768,,,,,,,,1,,,,0.012929,1.9,165a1bd7bfd1
rand-m2,15,30,7,b2,ok,11,4,32636,,,,,,,,1,,,,0.007484,1.9,165a1bd7bfd1
rand-m2,15,30,7,b3,ok,11,,16,,,,,,,,,1,,,0.000017,1.9,
rand-m2,15,30,8,alg1,ok,9,1,10,10,0,10,10,1,1,1,,,0.000011,0.000024,0.000053,1.9,1fb90cbb2c2f
rand-m2,15,30,6,padded,ok,11,4,544,2349,0,541,15,,0,1,,,0.001278,4.751067,4.790505,4.4,542dda8b6ff3
rand-m2,15,30,8,padded_shrink,ok,9,1,30,10,20,10,145,1,,1,,,0.000066,0.000034,0.000164,1.9,1fb90cbb2c2f
rand-m2,15,30,8,b1,ok,9,1,32768,,,,,,,,1,,,,0.014971,1.9,1fb90cbb2c2f
rand-m2,15,30,8,b2,ok,9,1,32705,,,,,,,,1,,,,0.006884,1.9,1fb90cbb2c2f
rand-m2,15,30,8,b3,ok,9,,16,,,,,,,,,1,,,0.000013,1.9,
rand-m2,15,30,9,alg1,ok,12,2,14,14,0,13,14,1,1,1,,,0.000026,0.000048,0.000100,1.9,143c4b6adcae
rand-m2,15,30,5,padded,ok,11,4,557,2167,0,554,15,,0,1,,,0.001431,5.320412,5.363660,4.6,87811ddbb7f6
rand-m2,15,30,9,padded_shrink,ok,12,2,47,14,33,13,194,1,,1,,,0.000065,0.000049,0.000216,1.9,143c4b6adcae
rand-m2,15,30,9,b1,ok,12,2,32768,,,,,,,,1,,,,0.014336,1.9,143c4b6adcae
rand-m2,15,30,9,b2,ok,12,2,32750,,,,,,,,1,,,,0.006163,1.9,143c4b6adcae
rand-m2,15,30,9,b3,ok,12,,16,,,,,,,,,1,,,0.000012,1.9,
rand-m4,15,60,0,alg1,ok,12,1,13,13,0,13,13,1,1,1,,,0.000018,0.000045,0.000081,1.9,80f99a56b038
rand-m2,15,30,7,padded,ok,11,4,543,2290,0,540,15,,0,1,,,0.001691,5.301439,5.345430,4.6,165a1bd7bfd1
rand-m4,15,60,0,padded_shrink,ok,12,1,41,13,28,13,193,1,,1,,,0.000071,0.000068,0.000220,2.0,80f99a56b038
rand-m4,15,60,0,b1,ok,12,1,32768,,,,,,,,1,,,,0.015046,2.0,80f99a56b038
rand-m4,15,60,0,b2,ok,12,1,32761,,,,,,,,1,,,,0.006442,2.0,80f99a56b038
rand-m4,15,60,0,b3,ok,12,,16,,,,,,,,,1,,,0.000013,2.0,
rand-m4,15,60,1,alg1,ok,11,1,12,12,0,12,12,1,1,1,,,0.000013,0.000039,0.000070,2.0,6bc8fab4f9f3
rand-m2,15,30,8,padded,ok,9,1,535,999,0,535,10,,0,1,,,0.001612,4.972585,5.013609,4.7,1fb90cbb2c2f
rand-m4,15,60,1,padded_shrink,ok,11,1,37,12,25,12,177,1,,1,,,0.000068,0.000072,0.000202,2.0,6bc8fab4f9f3
rand-m4,15,60,1,b1,ok,11,1,32768,,,,,,,,1,,,,0.013942,2.0,6bc8fab4f9f3
rand-m4,15,60,1,b2,ok,11,1,32753,,,,,,,,1,,,,0.006915,2.0,6bc8fab4f9f3
rand-m4,15,60,1,b3,ok,11,,16,,,,,,,,,1,,,0.000013,2.0,
rand-m4,15,60,2,alg1,ok,11,3,14,14,0,12,14,1,1,1,,,0.000024,0.000075,0.000149,2.0,026a71788ab7
rand-m2,15,30,9,padded,ok,12,2,563,1196,0,562,14,,0,1,,,0.001680,5.398296,5.442548,4.8,143c4b6adcae
rand-m4,15,60,2,padded_shrink,ok,11,3,44,14,30,12,179,1,,1,,,0.000080,0.000036,0.000540,2.0,026a71788ab7
rand-m4,15,60,2,b1,ok,11,3,32768,,,,,,,,1,,,,0.012355,2.0,026a71788ab7
rand-m4,15,60,2,b2,ok,11,3,32743,,,,,,,,1,,,,0.007859,2.0,026a71788ab7
rand-m4,15,60,2,b3,ok,11,,16,,,,,,,,,1,,,0.000016,2.0,
rand-m4,15,60,3,alg1,ok,10,2,12,12,0,11,12,1,1,1,,,0.000018,0.000033,0.000073,2.0,336815274cf4
rand-m4,15,60,0,padded,ok,12,1,569,841,0,569,13,,0,1,,,0.001722,5.508862,5.551887,4.9,80f99a56b038
rand-m4,15,60,3,padded_shrink,ok,10,2,39,12,27,11,162,1,,1,,,0.000103,0.000043,0.000228,2.0,336815274cf4
rand-m4,15,60,3,b1,ok,10,2,32768,,,,,,,,1,,,,0.015225,2.0,336815274cf4
rand-m4,15,60,3,b2,ok,10,2,32690,,,,,,,,1,,,,0.007212,2.0,336815274cf4
rand-m4,15,60,3,b3,ok,10,,16,,,,,,,,,1,,,0.000013,2.0,
rand-m4,15,60,4,alg1,ok,14,3,17,20,0,15,17,1,1,1,,,0.000022,0.000076,0.000127,2.0,c6c6d9ce0877
thr,12,0,0,padded_shrink,ok,924,792,2388,1716,1464,925,12804,1,,1,,,0.066961,34.533704,34.818548,10.1,8345d3670940
rand-m4,15,60,1,padded,ok,11,1,562,910,0,562,12,,0,1,,,0.001682,5.498289,5.540945,4.8,6bc8fab4f9f3
rand-m4,15,60,4,padded_shrink,ok,14,3,48,21,33,15,227,1,,1,,,0.000081,0.000079,0.000276,2.0,c6c6d9ce0877
rand-m4,15,60,4,b1,ok,14,3,32768,,,,,,,,1,,,,0.013506,2.0,c6c6d9ce0877
rand-m4,15,60,4,b2,ok,14,3,32757,,,,,,,,1,,,,0.006251,2.0,c6c6d9ce0877
rand-m4,15,60,4,b3,ok,14,,16,,,,,,,,,1,,,0.000017,2.0,
rand-m4,15,60,5,alg1,ok,14,2,16,16,0,15,16,1,1,1,,,0.000042,0.000111,0.000214,2.0,8d0135738d5d
thr,12,0,0,alg1,ok,924,792,1716,1716,0,925,1716,1,1,1,,,0.054760,36.216120,36.482845,7.6,8345d3670940
rand-m4,15,60,2,padded,ok,11,3,557,1558,0,555,14,,0,1,,,0.001689,5.744918,5.789987,4.8,026a71788ab7
rand-m4,15,60,5,padded_shrink,ok,14,2,43,16,29,15,226,1,,1,,,0.000136,0.000455,0.000754,2.0,8d0135738d5d
rand-m4,15,60,5,b1,ok,14,2,32768,,,,,,,,1,,,,0.020860,2.0,8d0135738d5d
rand-m4,15,60,5,b2,ok,14,2,32767,,,,,,,,1,,,,0.008119,2.0,8d0135738d5d
rand-m4,15,60,5,b3,ok,14,,16,,,,,,,,,1,,,0.000016,2.0,
rand-m4,15,60,6,alg1,ok,14,4,18,19,0,15,18,1,1,1,,,0.000030,0.000077,0.000146,2.0,a817937ec20e
rand-m4,15,60,3,padded,ok,10,2,541,1392,0,540,12,,0,1,,,0.002066,5.412992,5.457322,4.7,336815274cf4
rand-m4,15,60,6,padded_shrink,ok,14,4,49,20,34,15,228,1,,1,,,0.000104,0.000073,0.000396,2.0,a817937ec20e
rand-m4,15,60,6,b1,ok,14,4,32768,,,,,,,,1,,,,0.012189,2.0,a817937ec20e
rand-m4,15,60,6,b2,ok,14,4,32759,,,,,,,,1,,,,0.006420,2.0,a817937ec20e
rand-m4,15,60,6,b3,ok,14,,16,,,,,,,,,1,,,0.000017,2.0,
rand-m4,15,60,7,alg1,ok,15,8,23,31,0,16,23,1,1,1,,,0.000038,0.000247,0.000344,2.0,08579eb82d29
rand-m4,15,60,4,padded,ok,14,3,570,918,0,568,17,,0,1,,,0.001392,5.930609,5.974606,4.8,c6c6d9ce0877
rand-m4,15,60,7,padded_shrink,ok,15,8,69,31,47,16,248,1,,1,,,0.000150,0.000446,0.000793,2.0,08579eb82d29
rand-m4,15,60,7,b1,ok,15,8,32768,,,,,,,,1,,,,0.013937,2.0,08579eb82d29
rand-m4,15,60,7,b2,ok,15,8,32709,,,,,,,,1,,,,0.006775,2.0,08579eb82d29
rand-m4,15,60,7,b3,ok,15,,16,,,,,,,,,1,,,0.000017,2.0,
rand-m4,15,60,8,alg1,ok,10,1,11,11,0,11,11,1,1,1,,,0.000015,0.000035,0.000071,2.0,a0059361c51d
thr-dual,12,0,0,padded,ok,792,924,2431,2431,0,1508,1716,,0,1,,,0.061543,40.990353,41.359813,8.4,805bb865b6ed
rand-m4,15,60,5,padded,ok,14,2,575,597,0,574,16,,0,1,,,0.001542,5.645597,5.687897,4.9,8d0135738d5d
rand-m4,15,60,8,padded_shrink,ok,10,1,38,11,27,11,161,1,,1,,,0.000073,0.000030,0.000190,2.0,a0059361c51d
rand-m4,15,60,8,b1,ok,10,1,32768,,,,,,,,1,,,,0.012987,2.0,a0059361c51d
rand-m4,15,60,8,b2,ok,10,1,32737,,,,,,,,1,,,,0.006276,2.0,a0059361c51d
rand-m4,15,60,8,b3,ok,10,,16,,,,,,,,,1,,,0.000012,2.0,
rand-m4,15,60,9,alg1,ok,13,4,17,18,0,14,17,1,1,1,,,0.000030,0.000073,0.000132,2.0,f996ce66fcee
rand-m4,15,60,6,padded,ok,14,4,572,1039,0,569,18,,0,1,,,0.001499,5.865346,5.908939,4.9,a817937ec20e
rand-m4,15,60,9,padded_shrink,ok,13,4,54,19,39,14,212,1,,1,,,0.000189,0.000089,0.000441,2.0,f996ce66fcee
rand-m4,15,60,9,b1,ok,13,4,32768,,,,,,,,1,,,,0.012582,2.0,f996ce66fcee
rand-m4,15,60,9,b2,ok,13,4,32726,,,,,,,,1,,,,0.006493,2.0,f996ce66fcee
rand-m4,15,60,9,b3,ok,13,,16,,,,,,,,,1,,,0.000019,2.0,
pairs,16,0,0,alg1,ok,8,256,264,264,0,9,264,1,1,1,,,0.000167,0.000647,0.001235,2.0,cee3de8cf0a9
rand-m4,15,60,8,padded,ok,10,1,551,978,0,551,11,,0,1,,,0.000988,4.857235,4.895427,4.8,a0059361c51d
pairs,16,0,0,padded_shrink,ok,8,256,296,264,32,9,392,1,,1,,,0.000179,0.000854,0.001335,2.0,cee3de8cf0a9
pairs,16,0,0,b1,ok,8,256,65536,,,,,,,,1,,,,0.038646,2.1,cee3de8cf0a9
pairs,16,0,0,b2,ok,8,256,59231,,,,,,,,1,,,,0.318932,2.6,cee3de8cf0a9
pairs,16,0,0,b3,ok,8,,17,,,,,,,,,1,,,0.000019,2.0,
rand-m4,15,60,7,padded,ok,15,8,590,2938,0,583,23,,0,1,,,0.001474,6.039589,6.088814,4.8,08579eb82d29
dual,16,0,0,alg1,ok,256,8,264,2100,0,257,264,1,1,1,,,0.002095,0.228362,0.247924,3.5,c8af3b506da6
dual,16,0,0,padded_shrink,ok,256,8,2198,2244,1934,257,4360,1,,1,,,0.025100,1.052922,1.101696,5.7,c8af3b506da6
dual,16,0,0,b1,ok,256,8,65536,,,,,,,,1,,,,0.781885,2.8,c8af3b506da6
dual,16,0,0,b2,ok,256,8,6569,,,,,,,,1,,,,0.040344,2.1,c8af3b506da6
dual,16,0,0,b3,ok,256,,17,,,,,,,,,1,,,0.000274,2.1,
rand-m4,15,60,9,padded,ok,13,4,570,1869,0,567,17,,0,1,,,0.001251,5.296651,5.340080,4.8,f996ce66fcee
thr,16,0,0,b2,ok,12870,11440,50643,,,,,,,,1,,,,19.637663,21.7,7cfef48a34fd
thr,16,0,0,b3,ok,12870,,17,,,,,,,,,1,,,0.005053,12.4,
thr,16,0,0,b1,ok,12870,11440,65536,,,,,,,,1,,,,25.360745,23.9,7cfef48a34fd
thr-dual,16,0,0,b2,ok,11440,12870,39203,,,,,,,,1,,,,16.683199,21.4,2ab8b3b25fb9
thr-dual,16,0,0,b3,ok,11440,,17,,,,,,,,,1,,,0.005363,12.2,
pairs,18,0,0,alg1,ok,9,512,521,521,0,10,521,1,1,1,,,0.000345,0.001184,0.002198,2.5,47d0b705e3d4
pairs,18,0,0,padded_shrink,ok,9,512,557,521,36,10,683,1,,1,,,0.000559,0.001163,0.002411,2.6,47d0b705e3d4
pairs,18,0,0,b1,ok,9,512,262144,,,,,,,,1,,,,0.166731,2.7,47d0b705e3d4
pairs,18,0,0,b2,ok,9,512,242973,,,,,,,,1,,,,2.735782,4.1,47d0b705e3d4
pairs,18,0,0,b3,ok,9,,19,,,,,,,,,1,,,0.000020,2.4,
thr-dual,16,0,0,b1,ok,11440,12870,65536,,,,,,,,1,,,,25.368479,23.3,2ab8b3b25fb9
dual,18,0,0,alg1,ok,512,9,521,4835,0,513,521,1,1,1,,,0.008981,1.554221,1.648734,5.2,62068d848691
dual,18,0,0,b1,ok,512,9,262144,,,,,,,,1,,,,6.602020,4.5,62068d848691
dual,18,0,0,b2,ok,512,9,19692,,,,,,,,1,,,,0.236813,3.0,62068d848691
dual,18,0,0,b3,ok,512,,19,,,,,,,,,1,,,0.000487,2.6,
dual,18,0,0,padded_shrink,ok,512,9,4864,5023,4343,513,9737,1,,1,,,0.149081,9.754065,10.016214,11.6,62068d848691
thr,12,0,0,padded,ok,924,792,3003,3003,0,2212,1716,,0,1,,,0.093537,101.288235,101.982551,9.0,8345d3670940
pairs,16,0,0,padded,ok,8,256,1076,181508,0,821,264,,0,1,,,0.003611,60.013913,60.234660,5.7,cee3de8cf0a9
pairs,18,0,0,padded,ok,9,512,1709,538701,0,1198,521,,0,1,,,0.008084,350.105823,350.779704,8.1,47d0b705e3d4
thr,18,0,0,b3,ok,48620,,19,,,,,,,,,1,,,0.028652,47.0,
thr,18,0,0,b2,ok,48620,43758,199140,,,,,,,,1,,,,379.771338,104.7,4b5319ed28ee
dual,16,0,0,padded,ok,256,8,3080,27419,0,3073,264,,0,1,,,0.041308,472.157034,475.151131,13.6,c8af3b506da6
thr,18,0,0,b1,ok,48620,43758,262144,,,,,,,,1,,,,476.408608,95.4,4b5319ed28ee
thr-dual,18,0,0,b3,ok,43758,,19,,,,,,,,,1,,,0.026694,46.1,
rand-m1,20,20,0,alg1,ok,12,30,42,48,0,13,42,1,1,1,,,0.000067,0.000214,0.000361,2.4,0138e217b3a2
thr-dual,14,0,0,padded_shrink,timeout,,,,,,,,,,,,,,,600.000000,,
rand-m1,20,20,0,padded_shrink,ok,12,30,84,48,42,13,282,1,,1,,,0.000173,0.000642,0.001006,2.4,0138e217b3a2
rand-m1,20,20,0,b1,ok,12,30,1048576,,,,,,,,1,,,,0.581160,2.9,0138e217b3a2
thr-dual,14,0,0,alg1,timeout,,,,,,,,,,,,,,,600.000000,,
rand-m1,20,20,0,b3,ok,12,,21,,,,,,,,,1,,,0.000030,2.4,
rand-m1,20,20,1,alg1,ok,12,8,20,22,0,13,20,1,1,1,,,0.000039,0.000090,0.000167,2.4,964bc900a3e7
rand-m1,20,20,0,b2,ok,12,30,1042402,,,,,,,,1,,,,0.808468,3.6,0138e217b3a2
rand-m1,20,20,1,padded_shrink,ok,12,8,59,22,39,13,260,1,,1,,,0.000164,0.000117,0.000413,2.4,964bc900a3e7
rand-m1,20,20,1,b1,ok,12,8,1048576,,,,,,,,1,,,,0.565201,2.8,964bc900a3e7
rand-m1,20,20,1,b2,ok,12,8,1045832,,,,,,,,1,,,,0.369280,3.3,964bc900a3e7
rand-m1,20,20,1,b3,ok,12,,21,,,,,,,,,1,,,0.000024,2.4,
rand-m1,20,20,2,alg1,ok,9,3,12,12,0,10,12,1,1,1,,,0.000018,0.000026,0.000075,2.4,d7979689f449
thr,14,0,0,padded_shrink,timeout,,,,,,,,,,,,,,,600.000000,,
rand-m1,20,20,2,padded_shrink,ok,9,3,40,12,28,10,192,1,,1,,,0.000078,0.000024,0.000209,2.4,d7979689f449
rand-m1,20,20,2,b1,ok,9,3,1048576,,,,,,,,1,,,,0.578226,2.8,d7979689f449
rand-m1,20,20,2,b2,ok,9,3,1044995,,,,,,,,1,,,,0.332987,3.3,d7979689f449
rand-m1,20,20,2,b3,ok,9,,21,,,,,,,,,1,,,0.000022,2.4,
rand-m1,20,20,3,alg1,ok,9,4,13,13,0,10,13,1,1,1,,,0.000017,0.000032,0.000079,2.4,68c1b73fac48
thr,14,0,0,alg1,timeout,,,,,,,,,,,,,,,600.000000,,
rand-m1,20,20,3,padded_shrink,ok,9,4,41,13,28,10,193,1,,1,,,0.000077,0.000035,0.000198,2.4,68c1b73fac48
rand-m1,20,20,3,b1,ok,9,4,1048576,,,,,,,,1,,,,0.572620,2.8,68c1b73fac48
rand-m1,20,20,3,b2,ok,9,4,1043972,,,,,,,,1,,,,0.367678,3.2,68c1b73fac48
rand-m1,20,20,3,b3,ok,9,,21,,,,,,,,,1,,,0.000022,2.4,
rand-m1,20,20,4,alg1,ok,9,4,13,13,0,10,13,1,1,1,,,0.000019,0.000032,0.000086,2.4,668e95351c6f
thr-dual,14,0,0,padded,timeout,,,,,,,,,,,,,,,600.000000,,
rand-m1,20,20,4,padded_shrink,ok,9,4,42,13,29,10,193,1,,1,,,0.000067,0.000034,0.000196,2.4,668e95351c6f
rand-m1,20,20,4,b1,ok,9,4,1048576,,,,,,,,1,,,,0.566197,2.8,668e95351c6f
rand-m1,20,20,4,b2,ok,9,4,1040900,,,,,,,,1,,,,0.349786,3.3,668e95351c6f
rand-m1,20,20,4,b3,ok,9,,21,,,,,,,,,1,,,0.000019,2.4,
rand-m1,20,20,5,alg1,ok,13,18,31,35,0,14,31,1,1,1,,,0.000101,0.000216,0.000373,2.4,d766a42f0ab4
thr,14,0,0,padded,timeout,,,,,,,,,,,,,,,600.000000,,
rand-m1,20,20,5,padded_shrink,ok,13,18,78,35,47,14,291,1,,1,,,0.000180,0.000194,0.000570,2.4,d766a42f0ab4
rand-m1,20,20,5,b1,ok,13,18,1048576,,,,,,,,1,,,,0.570607,2.8,d766a42f0ab4
rand-m1,20,20,5,b2,ok,13,18,1043082,,,,,,,,1,,,,0.617779,3.4,d766a42f0ab4
rand-m1,20,20,5,b3,ok,13,,21,,,,,,,,,1,,,0.000033,2.4,
rand-m1,20,20,6,alg1,ok,10,22,32,33,0,11,32,1,1,1,,,0.000044,0.000121,0.000216,2.4,8596aec65bf9
rand-m1,20,20,2,padded,ok,9,3,1101,4257,0,1099,12,,0,1,,,0.005051,103.243649,103.458579,6.9,d7979689f449
rand-m1,20,20,6,padded_shrink,ok,10,22,70,33,38,11,232,1,,1,,,0.000134,0.000118,0.000423,2.4,8596aec65bf9
rand-m1,20,20,6,b1,ok,10,22,1048576,,,,,,,,1,,,,0.581530,2.8,8596aec65bf9
rand-m1,20,20,6,b2,ok,10,22,1026358,,,,,,,,1,,,,0.976392,3.6,8596aec65bf9
rand-m1,20,20,6,b3,ok,10,,21,,,,,,,,,1,,,0.000021,2.4,
rand-m1,20,20,7,alg1,ok,8,18,26,32,0,9,26,1,1,1,,,0.000031,0.000041,0.000104,2.4,3f5c43eee0d1
rand-m1,20,20,4,padded,ok,9,4,1108,5346,0,1105,13,,0,1,,,0.004901,96.079336,96.295092,7.0,668e95351c6f
rand-m1,20,20,7,padded_shrink,ok,8,18,54,32,28,9,186,1,,1,,,0.000091,0.000046,0.000567,2.4,3f5c43eee0d1
rand-m1,20,20,7,b1,ok,8,18,1048576,,,,,,,,1,,,,0.562374,2.8,3f5c43eee0d1
rand-m1,20,20,7,b2,ok,8,18,1019026,,,,,,,,1,,,,0.961034,3.6,3f5c43eee0d1
rand-m1,20,20,7,b3,ok,8,,21,,,,,,,,,1,,,0.000022,2.4,
rand-m1,20,20,8,alg1,ok,13,33,46,60,0,14,46,1,1,1,,,0.000086,0.000293,0.000619,2.4,ade13f9091a0
rand-m1,20,20,0,padded,ok,12,30,1305,35928,0,1276,42,,0,1,,,0.006123,159.321985,159.633193,7.8,0138e217b3a2
rand-m1,20,20,8,padded_shrink,ok,13,33,96,60,50,14,306,1,,1,,,0.000190,0.000275,0.000747,2.4,ade13f9091a0
rand-m1,20,20,8,b1,ok,13,33,1048576,,,,,,,,1,,,,0.575546,2.8,ade13f9091a0
rand-m1,20,20,8,b2,ok,13,33,1038673,,,,,,,,1,,,,1.038152,3.6,ade13f9091a0
rand-m1,20,20,8,b3,ok,13,,21,,,,,,,,,1,,,0.000030,2.4,
rand-m1,20,20,9,alg1,ok,14,40,54,66,0,15,54,1,1,1,,,0.000152,0.000550,0.000801,2.4,fc46558ebedd
rand-m1,20,20,3,padded,ok,9,4,1110,5366,0,1107,13,,0,1,,,0.005158,104.836711,105.055932,7.0,68c1b73fac48
rand-m1,20,20,9,padded_shrink,ok,14,40,108,66,54,15,334,1,,1,,,0.000184,0.000827,0.001261,2.4,fc46558ebedd
rand-m1,20,20,9,b1,ok,14,40,1048576,,,,,,,,1,,,,0.613703,2.8,fc46558ebedd
rand-m1,20,20,9,b2,ok,14,40,1026856,,,,,,,,1,,,,1.475237,3.7,fc46558ebedd
rand-m1,20,20,9,b3,ok,14,,21,,,,,,,,,1,,,0.000030,2.4,
rand-m2,20,40,0,alg1,ok,17,6,23,24,0,18,23,1,1,1,,,0.000040,0.000193,0.000295,2.4,32cb06642957
rand-m1,20,20,1,padded,ok,12,8,1262,10640,0,1255,20,,0,1,,,0.006001,155.986872,156.260634,7.8,964bc900a3e7
rand-m2,20,40,0,padded_shrink,ok,17,6,76,27,53,18,363,1,,1,,,0.000171,0.000185,0.000616,2.5,32cb06642957
rand-m2,20,40,0,b1,ok,17,6,1048576,,,,,,,,1,,,,0.549703,2.9,32cb06642957
rand-m2,20,40,0,b2,ok,17,6,1048318,,,,,,,,1,,,,0.235844,3.3,32cb06642957
rand-m2,20,40,0,b3,ok,17,,21,,,,,,,,,1,,,0.000030,2.5,
rand-m2,20,40,1,alg1,ok,14,2,16,16,0,15,16,1,1,1,,,0.000027,0.000078,0.000151,2.5,bd18c3ecffec
thr-dual,18,0,0,b2,ok,43758,48620,155382,,,,,,,,1,,,,317.426962,106.3,6a60cb8e9764
rand-m2,20,40,1,padded_shrink,ok,14,2,51,16,35,15,296,1,,1,,,0.000096,0.000069,0.000303,2.5,bd18c3ecffec
rand-m2,20,40,1,b1,ok,14,2,1048576,,,,,,,,1,,,,0.562936,2.9,bd18c3ecffec
rand-m2,20,40,1,b2,ok,14,2,1048482,,,,,,,,1,,,,0.224286,3.2,bd18c3ecffec
rand-m2,20,40,1,b3,ok,14,,21,,,,,,,,,1,,,0.000022,2.5,
rand-m2,20,40,2,alg1,ok,12,3,15,15,0,13,15,1,1,1,,,0.000025,0.000068,0.000122,2.5,e9407f9ead78
rand-m1,20,20,5,padded,ok,13,18,1330,22963,0,1313,31,,0,1,,,0.006624,164.205314,164.521798,7.9,d766a42f0ab4
rand-m2,20,40,2,padded_shrink,ok,12,3,49,15,34,13,255,1,,1,,,0.000094,0.000061,0.000274,2.5,e9407f9ead78
rand-m2,20,40,2,b1,ok,12,3,1048576,,,,,,,,1,,,,0.563199,2.9,e9407f9ead78
rand-m2,20,40,2,b2,ok,12,3,1047875,,,,,,,,1,,,,0.254724,3.3,e9407f9ead78
rand-m2,20,40,2,b3,ok,12,,21,,,,,,,,,1,,,0.000021,2.5,
rand-m2,20,40,3,alg1,ok,12,4,16,16,0,13,16,1,1,1,,,0.000031,0.000047,0.000101,2.5,6c6ec2f081e3
rand-m1,20,20,7,padded,ok,8,18,1051,18913,0,1034,26,,0,1,,,0.004911,85.929282,86.120365,6.9,3f5c43eee0d1
rand-m2,20,40,3,padded_shrink,ok,12,4,52,16,36,13,256,1,,1,,,0.000086,0.000056,0.000268,2.5,6c6ec2f081e3
rand-m2,20,40,3,b1,ok,12,4,1048576,,,,,,,,1,,,,0.536341,2.9,6c6ec2f081e3
rand-m2,20,40,3,b2,ok,12,4,1048004,,,,,,,,1,,,,0.243292,3.3,6c6ec2f081e3
rand-m2,20,40,3,b3,ok,12,,21,,,,,,,,,1,,,0.000025,2.5,
rand-m2,20,40,4,alg1,ok,14,2,16,16,0,15,16,1,1,1,,,0.000031,0.000280,0.000347,2.5,d5e6f7939ad3
rand-m1,20,20,6,padded,ok,10,22,1231,26534,0,1210,32,,0,1,,,0.006124,140.947812,141.224520,7.7,8596aec65bf9
rand-m2,20,40,4,padded_shrink,ok,14,2,52,16,36,15,296,1,,1,,,0.000107,0.000072,0.000320,2.5,d5e6f7939ad3
rand-m2,20,40,4,b1,ok,14,2,1048576,,,,,,,,1,,,,0.542110,2.9,d5e6f7939ad3
rand-m2,20,40,4,b2,ok,14,2,1048482,,,,,,,,1,,,,0.220066,3.3,d5e6f7939ad3
rand-m2,20,40,4,b3,ok,14,,21,,,,,,,,,1,,,0.000023,2.5,
rand-m2,20,40,5,alg1,ok,14,10,24,27,0,15,24,1,1,1,,,0.000039,0.000135,0.000558,2.5,d811b622c40e
rand-m2,20,40,0,padded,ok,17,6,1367,8029,0,1362,23,,0,1,,,0.006123,176.937138,177.259760,8.0,32cb06642957
rand-m2,20,40,5,padded_shrink,ok,14,10,68,27,44,15,304,1,,1,,,0.000519,0.000171,0.000893,2.5,d811b622c40e
rand-m2,20,40,5,b1,ok,14,10,1048576,,,,,,,,1,,,,0.559203,2.9,d811b622c40e
rand-m2,20,40,5,b2,ok,14,10,1047074,,,,,,,,1,,,,0.318579,3.3,d811b622c40e
rand-m2,20,40,5,b3,ok,14,,21,,,,,,,,,1,,,0.000027,2.5,
rand-m2,20,40,6,alg1,ok,12,4,16,19,0,13,16,1,1,1,,,0.000018,0.000082,0.000136,2.5,b88cbe89332b
thr-dual,18,0,0,b1,ok,43758,48620,262144,,,,,,,,1,,,,467.114581,92.3,6a60cb8e9764
rand-m2,20,40,6,padded_shrink,ok,12,4,53,20,37,13,256,1,,1,,,0.000101,0.000076,0.000308,2.5,b88cbe89332b
rand-m2,20,40,6,b1,ok,12,4,1048576,,,,,,,,1,,,,0.554471,2.9,b88cbe89332b
rand-m2,20,40,6,b2,ok,12,4,1045700,,,,,,,,1,,,,0.303229,3.4,b88cbe89332b
rand-m2,20,40,6,b3,ok,12,,21,,,,,,,,,1,,,0.000023,2.5,
rand-m2,20,40,7,alg1,ok,14,4,18,18,0,15,18,1,1,1,,,0.000025,0.000080,0.000143,2.5,dc1b458ae91b
rand-m1,20,20,8,padded,ok,13,33,1411,43410,0,1379,46,,0,1,,,0.006330,197.630177,197.977872,8.5,ade13f9091a0
rand-m2,20,40,7,padded_shrink,ok,14,4,54,18,36,15,298,1,,1,,,0.000108,0.000115,0.000357,2.5,dc1b458ae91b
rand-m2,20,40,7,b1,ok,14,4,1048576,,,,,,,,1,,,,0.558986,2.9,dc1b458ae91b
rand-m2,20,40,7,b2,ok,14,4,1048436,,,,,,,,1,,,,0.224938,3.2,dc1b458ae91b
rand-m2,20,40,7,b3,ok,14,,21,,,,,,,,,1,,,0.000025,2.5,
rand-m2,20,40,8,alg1,ok,16,10,26,40,0,17,26,1,1,1,,,0.000044,0.000238,0.000400,2.5,61f091b01e7e
rand-m2,20,40,3,padded,ok,12,4,1252,5687,0,1249,16,,0,1,,,0.005010,137.038181,137.293135,7.9,6c6ec2f081e3
rand-m2,20,40,8,padded_shrink,ok,16,10,77,40,51,17,346,1,,1,,,0.000799,0.000316,0.001395,2.5,61f091b01e7e
rand-m2,20,40,8,b1,ok,16,10,1048576,,,,,,,,1,,,,0.555013,2.9,61f091b01e7e
rand-m2,20,40,8,b2,ok,16,10,1047722,,,,,,,,1,,,,0.320843,3.3,61f091b01e7e
rand-m2,20,40,8,b3,ok,16,,21,,,,,,,,,1,,,0.000030,2.5,
rand-m2,20,40,9,alg1,ok,11,3,14,14,0,12,14,1,1,1,,,0.000019,0.000046,0.000090,2.5,a532c199c64e
rand-m2,20,40,1,padded,ok,14,2,1305,3389,0,1304,16,,0,1,,,0.005595,163.837996,164.114050,8.2,bd18c3ecffec
rand-m2,20,40,9,padded_shrink,ok,11,3,49,14,35,12,234,1,,1,,,0.000069,0.000046,0.000258,2.5,a532c199c64e
rand-m2,20,40,9,b1,ok,11,3,1048576,,,,,,,,1,,,,0.549641,2.9,a532c199c64e
rand-m2,20,40,9,b2,ok,11,3,1047171,,,,,,,,1,,,,0.265907,3.3,a532c199c64e
rand-m2,20,40,9,b3,ok,11,,21,,,,,,,,,1,,,0.000019,2.5,
rand-m4,20,80,0,alg1,ok,18,2,20,20,0,19,20,1,1,1,,,0.000031,0.000127,0.000225,2.5,cdc57a99c186
rand-m2,20,40,2,padded,ok,12,3,1237,4605,0,1235,15,,0,1,,,0.005059,150.668784,150.922183,7.8,e9407f9ead78
rand-m4,20,80,0,padded_shrink,ok,18,2,59,20,40,19,380,1,,1,,,0.000123,0.000113,0.000403,2.5,cdc57a99c186
rand-m4,20,80,0,b1,ok,18,2,1048576,,,,,,,,1,,,,0.542147,2.9,cdc57a99c186
rand-m4,20,80,0,b2,ok,18,2,1048572,,,,,,,,1,,,,0.205788,3.2,cdc57a99c186
rand-m4,20,80,0,b3,ok,18,,21,,,,,,,,,1,,,0.000029,2.5,
rand-m4,20,80,1,alg1,ok,17,2,19,20,0,18,19,1,1,1,,,0.000028,0.000114,0.000190,2.5,363ca3a41e80
rand-m2,20,40,4,padded,ok,14,2,1305,3435,0,1304,16,,0,1,,,0.005414,155.337742,155.606572,8.1,d5e6f7939ad3
rand-m4,20,80,1,padded_shrink,ok,17,2,60,20,42,18,359,1,,1,,,0.000120,0.000102,0.000386,2.5,363ca3a41e80
rand-m4,20,80,1,b1,ok,17,2,1048576,,,,,,,,1,,,,0.546800,2.9,363ca3a41e80
rand-m4,20,80,1,b2,ok,17,2,1048558,,,,,,,,1,,,,0.206134,3.2,363ca3a41e80
rand-m4,20,80,1,b3,ok,17,,21,,,,,,,,,1,,,0.000028,2.5,
rand-m4,20,80,2,alg1,ok,17,2,19,19,0,18,19,1,1,1,,,0.000040,0.000123,0.000214,2.5,0b0a5b4b3bb5
rand-m2,20,40,5,padded,ok,14,10,1316,12935,0,1307,24,,0,1,,,0.005547,168.469810,168.743717,7.9,d811b622c40e
rand-m4,20,80,2,padded_shrink,ok,17,2,59,19,41,18,359,1,,1,,,0.000138,0.000356,0.000671,2.5,0b0a5b4b3bb5
rand-m4,20,80,2,b1,ok,17,2,1048576,,,,,,,,1,,,,0.550827,2.9,0b0a5b4b3bb5
rand-m4,20,80,2,b2,ok,17,2,1048558,,,,,,,,1,,,,0.208439,3.2,0b0a5b4b3bb5
rand-m4,20,80,2,b3,ok,17,,21,,,,,,,,,1,,,0.000023,2.5,
rand-m4,20,80,3,alg1,ok,16,2,18,18,0,17,18,1,1,1,,,0.000032,0.000084,0.000160,2.5,73d8e9ca06d9
rand-m1,20,20,9,padded,ok,14,40,1616,61132,0,1577,54,,0,1,,,0.007660,311.904123,312.384534,8.9,fc46558ebedd
rand-m4,20,80,3,padded_shrink,ok,16,2,57,18,39,17,338,1,,1,,,0.000124,0.000430,0.000696,2.5,73d8e9ca06d9
rand-m4,20,80,3,b1,ok,16,2,1048576,,,,,,,,1,,,,0.548500,2.9,73d8e9ca06d9
rand-m4,20,80,3,b2,ok,16,2,1048554,,,,,,,,1,,,,0.212313,3.2,73d8e9ca06d9
rand-m4,20,80,3,b3,ok,16,,21,,,,,,,,,1,,,0.000031,2.5,
rand-m4,20,80,4,alg1,ok,15,1,16,16,0,16,16,1,1,1,,,0.000016,0.000082,0.000134,2.5,edd77f142f6c
rand-m2,20,40,6,padded,ok,12,4,1263,5904,0,1260,16,,0,1,,,0.004951,141.312544,141.572883,7.8,b88cbe89332b
rand-m4,20,80,4,padded_shrink,ok,15,1,52,16,36,16,316,1,,1,,,0.000094,0.000088,0.000320,2.5,edd77f142f6c
rand-m4,20,80,4,b1,ok,15,1,1048576,,,,,,,,1,,,,0.543463,3.2,edd77f142f6c
rand-m4,20,80,4,b2,ok,15,1,1048545,,,,,,,,1,,,,0.209420,3.2,edd77f142f6c
rand-m4,20,80,4,b3,ok,15,,21,,,,,,,,,1,,,0.000027,2.5,
rand-m4,20,80,5,alg1,ok,16,2,18,18,0,17,18,1,1,1,,,0.000028,0.000080,0.000154,2.5,5483b6208de1
rand-m2,20,40,9,padded,ok,11,3,1197,4518,0,1195,14,,0,1,,,0.004217,120.079973,120.296896,7.5,a532c199c64e
rand-m4,20,80,5,padded_shrink,ok,16,2,56,18,38,17,338,1,,1,,,0.000120,0.000105,0.000377,2.5,5483b6208de1
rand-m4,20,80,5,b1,ok,16,2,1048576,,,,,,,,1,,,,0.528117,2.9,5483b6208de1
rand-m4,20,80,5,b2,ok,16,2,1048554,,,,,,,,1,,,,0.201453,3.2,5483b6208de1
rand-m4,20,80,5,b3,ok,16,,21,,,,,,,,,1,,,0.000024,2.5,
rand-m4,20,80,6,alg1,ok,16,1,17,17,0,17,17,1,1,1,,,0.000024,0.000106,0.000176,2.5,3859824dadae
rand-m2,20,40,7,padded,ok,14,4,1305,5562,0,1302,18,,0,1,,,0.005439,150.462025,150.729769,8.0,dc1b458ae91b
rand-m4,20,80,6,padded_shrink,ok,16,1,54,17,37,17,337,1,,1,,,0.000107,0.000120,0.000362,2.5,3859824dadae
rand-m4,20,80,6,b1,ok,16,1,1048576,,,,,,,,1,,,,0.552707,2.9,3859824dadae
rand-m4,20,80,6,b2,ok,16,1,1048561,,,,,,,,1,,,,0.211677,3.2,3859824dadae
rand-m4,20,80,6,b3,ok,16,,21,,,,,,,,,1,,,0.000031,2.5,
rand-m4,20,80,7,alg1,ok,24,21,45,100,0,25,45,1,1,1,,,0.000197,0.001414,0.001757,2.5,d39adf6e0e96
rand-m4,20,80,0,padded,ok,18,2,1347,1618,0,1346,20,,0,1,,,0.005645,160.304650,160.572782,8.4,cdc57a99c186
rand-m4,20,80,7,padded_shrink,ok,24,21,128,108,83,25,525,1,,1,,,0.000312,0.002112,0.002795,2.5,d39adf6e0e96
rand-m4,20,80,7,b1,ok,24,21,1048576,,,,,,,,1,,,,0.574084,2.9,d39adf6e0e96
rand-m4,20,80,7,b2,ok,24,21,1048155,,,,,,,,1,,,,0.260301,3.3,d39adf6e0e96
rand-m4,20,80,7,b3,ok,24,,21,,,,,,,,,1,,,0.000034,2.5,
rand-m4,20,80,8,alg1,ok,16,1,17,17,0,17,17,1,1,1,,,0.000030,0.000082,0.000149,2.5,c6f5671398f0
rand-m2,20,40,8,padded,ok,16,10,1339,13249,0,1330,26,,0,1,,,0.005911,179.031013,179.313773,7.9,61f091b01e7e
rand-m4,20,80,8,padded_shrink,ok,16,1,54,17,37,17,337,1,,1,,,0.000106,0.000092,0.000369,2.5,c6f5671398f0
rand-m4,20,80,8,b1,ok,16,1,1048576,,,,,,,,1,,,,0.551786,3.1,c6f5671398f0
rand-m4,20,80,8,b2,ok,16,1,1048561,,,,,,,,1,,,,0.206003,3.2,c6f5671398f0
rand-m4,20,80,8,b3,ok,16,,21,,,,,,,,,1,,,0.000028,2.5,
rand-m4,20,80,9,alg1,ok,17,3,20,23,0,18,20,1,1,1,,,0.000036,0.000111,0.000199,2.5,37081c46242c
rand-m4,20,80,1,padded,ok,17,2,1338,2409,0,1337,19,,0,1,,,0.005429,161.473705,161.749428,8.2,363ca3a41e80
rand-m4,20,80,9,padded_shrink,ok,17,3,65,23,45,18,360,1,,1,,,0.000139,0.000118,0.000468,2.5,37081c46242c
rand-m4,20,80,9,b1,ok,17,3,1048576,,,,,,,,1,,,,0.566664,2.9,37081c46242c
rand-m4,20,80,9,b2,ok,17,3,1048523,,,,,,,,1,,,,0.224833,3.3,37081c46242c
rand-m4,20,80,9,b3,ok,17,,21,,,,,,,,,1,,,0.000026,2.5,
pairs,20,0,0,alg1,ok,10,1024,1034,1034,0,11,1034,1,1,1,,,0.000720,0.002456,0.004362,3.1,285dfac67490
dual,18,0,0,padded,timeout,,,,,,,,,,,,,,,600.000000,,
pairs,20,0,0,padded_shrink,ok,10,1024,1074,1034,40,11,1234,1,,1,,,0.000879,0.002488,0.004797,3.1,285dfac67490
pairs,20,0,0,b1,ok,10,1024,1048576,,,,,,,,1,,,,0.714329,3.6,285dfac67490
rand-m4,20,80,2,padded,ok,17,2,1338,2635,0,1337,19,,0,1,,,0.005950,163.630103,163.914325,8.3,0b0a5b4b3bb5
pairs,20,0,0,b3,ok,10,,21,,,,,,,,,1,,,0.000023,2.5,
pairs,20,0,0,b2,ok,10,1024,990551,,,,,,,,1,,,,24.229827,4.8,285dfac67490
dual,20,0,0,alg1,ok,1024,10,1034,10879,0,1025,1034,1,1,1,,,0.054867,12.473823,12.954100,7.7,7b4572b1efc1
rand-m4,20,80,3,padded,ok,16,2,1334,2852,0,1333,18,,0,1,,,0.006319,159.214585,159.509587,8.3,73d8e9ca06d9
dual,20,0,0,b2,ok,1024,10,59059,,,,,,,,1,,,,1.429047,5.0,7b4572b1efc1
dual,20,0,0,b3,ok,1024,,21,,,,,,,,,1,,,0.001210,3.1,
dual,20,0,0,b1,ok,1024,10,1048576,,,,,,,,1,,,,61.008238,6.8,7b4572b1efc1
rand-m4,20,80,4,padded,ok,15,1,1326,2318,0,1326,16,,0,1,,,0.007200,164.720779,165.026332,8.0,edd77f142f6c
thr,20,0,0,b3,ok,184756,,21,,,,,,,,,1,,,0.142124,193.6,
rand-m4,20,80,6,padded,ok,16,1,1337,2140,0,1337,17,,0,1,,,0.008553,177.543046,177.898352,8.3,3859824dadae
rand-m4,20,80,5,padded,ok,16,2,1334,2694,0,1333,18,,0,1,,,0.008337,183.110293,183.476940,8.3,5483b6208de1
thr-dual,20,0,0,b3,ok,167960,,21,,,,,,,,,1,,,0.240403,190.6,
pairs,22,0,0,alg1,ok,11,2048,2059,2059,0,12,2059,1,1,1,,,0.002896,0.009327,0.016558,3.8,9faad04c2473
pairs,22,0,0,padded_shrink,ok,11,2048,2103,2059,44,12,2301,1,,1,,,0.002859,0.009250,0.017129,4.1,9faad04c2473
pairs,22,0,0,b1,ok,11,2048,4194304,,,,,,,,1,,,,5.483137,8.6,9faad04c2473
pairs,22,0,0,b2,ok,11,,2097152,,,,,,,,0,,,,6.687423,4.6,
pairs,22,0,0,b3,ok,11,,23,,,,,,,,,1,,,0.000051,2.5,
dual,20,0,0,padded_shrink,ok,1024,10,10724,11133,9690,1025,21514,1,,1,,,0.835973,151.726802,153.325540,25.8,7b4572b1efc1
rand-m4,20,80,8,padded,ok,16,1,1337,2075,0,1337,17,,0,1,,,0.010880,222.112909,222.568213,8.2,c6f5671398f0
rand-m4,20,80,9,padded,ok,17,3,1335,3861,0,1333,20,,0,1,,,0.011381,231.059559,231.557612,8.2,37081c46242c
dual,22,0,0,b2,ok,2048,11,177158,,,,,,,,1,,,,14.767711,8.1,464597773076
dual,22,0,0,b3,ok,2048,,23,,,,,,,,,1,,,0.004288,4.1,
pairs,24,0,0,alg1,ok,12,4096,4108,4108,0,13,4108,1,1,1,,,0.006211,0.022678,0.039992,5.7,31ac2c2ce089
pairs,24,0,0,padded_shrink,ok,12,4096,4156,4108,48,13,4396,1,,1,,,0.005956,0.027024,0.043073,5.6,31ac2c2ce089
pairs,24,0,0,b1,ok,12,4096,16777216,,,,,,,,1,,,,25.050212,29.8,31ac2c2ce089
pairs,24,0,0,b2,ok,12,,2097152,,,,,,,,0,,,,0.863255,3.6,
pairs,24,0,0,b3,ok,12,,25,,,,,,,,,1,,,0.000058,2.6,
dual,22,0,0,alg1,ok,2048,11,2059,24070,0,2049,2059,1,1,1,,,0.707407,167.177300,171.948496,17.4,464597773076
rand-m4,20,80,7,padded,ok,24,21,1573,25840,0,1553,45,,0,1,,,0.014561,360.515304,361.301467,9.1,d39adf6e0e96
dual,24,0,0,b3,ok,4096,,25,,,,,,,,,1,,,0.011714,6.3,
rand-m1,25,25,0,alg1,ok,15,26,41,46,0,16,41,1,1,1,,,0.000169,0.000674,0.000976,2.6,4c9614337c8f
dual,24,0,0,b2,ok,4096,12,531453,,,,,,,,1,,,,95.554855,14.1,c90a4427be94
rand-m1,25,25,0,padded_shrink,ok,15,26,97,46,56,16,416,1,,1,,,0.000704,0.000614,0.001946,2.6,4c9614337c8f
rand-m1,25,25,0,b2,ok,15,,2097152,,,,,,,,0,,,,0.570904,3.3,
rand-m1,25,25,0,b3,ok,15,,26,,,,,,,,,1,,,0.000081,2.6,
rand-m1,25,25,1,alg1,ok,16,105,121,121,0,17,121,1,1,1,,,0.000255,0.003780,0.004290,2.6,d1b02b86a347
pairs,20,0,0,padded,timeout,,,,,,,,,,,,,,,600.000000,,
rand-m1,25,25,1,padded_shrink,ok,16,105,181,121,60,17,521,1,,1,,,0.001279,0.001324,0.003375,2.7,d1b02b86a347
rand-m1,25,25,1,b2,ok,16,,2097152,,,,,,,,0,,,,0.495791,3.2,
rand-m1,25,25,1,b3,ok,16,,26,,,,,,,,,1,,,0.000068,2.6,
rand-m1,25,25,2,alg1,ok,14,24,38,38,0,15,38,1,1,1,,,0.000105,0.000218,0.000421,2.6,7f3e0eeb674f
thr,20,0,0,b1,timeout,,,,,,,,,,,,,,,600.000000,,
rand-m1,25,25,2,padded_shrink,ok,14,24,85,38,47,15,388,1,,1,,,0.000773,0.000293,0.001587,2.6,7f3e0eeb674f
rand-m1,25,25,2,b2,ok,14,,2097152,,,,,,,,0,,,,0.485162,3.2,
rand-m1,25,25,2,b3,ok,14,,26,,,,,,,,,1,,,0.000057,2.6,
rand-m1,25,25,3,alg1,ok,15,67,82,90,0,16,82,1,1,1,,,0.000385,0.003659,0.004269,2.6,b113868fb21f
thr,20,0,0,b2,timeout,,,,,,,,,,,,,,,600.000000,,
rand-m1,25,25,3,padded_shrink,ok,15,67,140,90,58,16,457,1,,1,,,0.001273,0.001395,0.003195,2.7,b113868fb21f
rand-m1,25,25,3,b2,ok,15,,2097152,,,,,,,,0,,,,0.483901,3.3,
rand-m1,25,25,3,b3,ok,15,,26,,,,,,,,,1,,,0.000077,2.6,
rand-m1,25,25,4,alg1,ok,15,64,79,106,0,16,79,1,1,1,,,0.000252,0.002189,0.002641,2.6,b5636f201803
thr-dual,20,0,0,b1,timeout,,,,,,,,,,,,,,,600.000000,,
rand-m1,25,25,4,padded_shrink,ok,15,64,137,106,58,16,454,1,,1,,,0.000524,0.002918,0.003983,2.6,b5636f201803
rand-m1,25,25,4,b2,ok,15,,2097152,,,,,,,,0,,,,0.505270,3.3,
rand-m1,25,25,4,b3,ok,15,,26,,,,,,,,,1,,,0.000070,2.6,
rand-m1,25,25,5,alg1,ok,14,2,16,16,0,15,16,1,1,1,,,0.000033,0.000132,0.000222,2.6,4013b679ae50
thr-dual,20,0,0,b2,timeout,,,,,,,,,,,,,,,600.000000,,
rand-m1,25,25,5,padded_shrink,ok,14,2,55,16,39,15,366,1,,1,,,0.000200,0.000110,0.000551,2.6,4013b679ae50
rand-m1,25,25,5,b2,ok,14,,2097152,,,,,,,,0,,,,0.491106,3.3,
rand-m1,25,25,5,b3,ok,14,,26,,,,,,,,,1,,,0.000044,2.6,
rand-m1,25,25,6,alg1,ok,18,91,109,115,0,19,109,1,1,1,,,0.000369,0.005021,0.005589,2.7,91c6590c0754
dual,22,0,0,padded_shrink,timeout,,,,,,,,,,,,,,,600.000000,,
rand-m1,25,25,6,padded_shrink,ok,18,91,175,116,66,19,559,1,,1,,,0.000582,0.004250,0.005496,2.7,91c6590c0754
rand-m1,25,25,6,b2,ok,18,,2097152,,,,,,,,0,,,,0.496557,3.3,
rand-m1,25,25,6,b3,ok,18,,26,,,,,,,,,1,,,0.000080,2.6,
rand-m1,25,25,7,alg1,ok,15,64,79,99,0,16,79,1,1,1,,,0.000242,0.000793,0.001643,2.6,c288d92ace2e
dual,22,0,0,b1,timeout,,,,,,,,,,,,,,,600.000000,,
rand-m1,25,25,7,padded_shrink,ok,15,64,131,99,52,16,454,1,,1,,,0.000972,0.000845,0.002251,2.6,c288d92ace2e
rand-m1,25,25,7,b2,ok,15,,2097152,,,,,,,,0,,,,0.446588,3.3,
rand-m1,25,25,7,b3,ok,15,,26,,,,,,,,,1,,,0.000058,2.6,
rand-m1,25,25,8,alg1,ok,16,98,114,162,0,17,114,1,1,1,,,0.000263,0.001824,0.002454,2.7,f7d089d1d762
dual,24,0,0,alg1,timeout,,,,,,,,,,,,,,,600.000000,,
rand-m1,25,25,8,padded_shrink,ok,16,98,177,162,63,17,514,1,,1,,,0.001044,0.001930,0.003612,2.7,f7d089d1d762
rand-m1,25,25,8,b2,ok,16,,2097152,,,,,,,,0,,,,0.471031,3.3,
rand-m1,25,25,8,b3,ok,16,,26,,,,,,,,,1,,,0.000093,2.6,
rand-m1,25,25,9,alg1,ok,14,21,35,36,0,15,35,1,1,1,,,0.000099,0.000238,0.000431,2.6,7221882932f4
rand-m1,25,25,0,padded,timeout,,,,,,,,,,,,,,,600.000000,,
rand-m1,25,25,9,padded_shrink,ok,14,21,83,36,48,15,385,1,,1,,,0.000332,0.000324,0.001255,2.6,7221882932f4
rand-m1,25,25,9,b2,ok,14,,2097152,,,,,,,,0,,,,0.465730,3.3,
rand-m1,25,25,9,b3,ok,14,,26,,,,,,,,,1,,,0.000061,2.6,
rand-m2,25,50,0,alg1,ok,18,12,30,36,0,19,30,1,1,1,,,0.000131,0.000328,0.000586,2.6,9e31f565b2c0
rand-m1,25,25,1,padded,timeout,,,,,,,,,,,,,,,600.000000,,
rand-m2,25,50,0,padded_shrink,ok,18,12,82,36,52,19,480,1,,1,,,0.000530,0.000314,0.001299,2.6,9e31f565b2c0
rand-m2,25,50,0,b2,ok,18,,2097152,,,,,,,,0,,,,0.473384,3.2,
rand-m2,25,50,0,b3,ok,18,,26,,,,,,,,,1,,,0.000066,2.6,
rand-m2,25,50,1,alg1,ok,14,4,18,19,0,15,18,1,1,1,,,0.000046,0.000138,0.000247,2.6,3bc60e6b4c88
rand-m1,25,25,2,padded,timeout,,,,,,,,,,,,,,,600.000000,,
rand-m2,25,50,1,padded_shrink,ok,14,4,59,19,41,15,368,1,,1,,,0.000214,0.000129,0.000604,2.6,3bc60e6b4c88
rand-m2,25,50,1,b2,ok,14,,2097152,,,,,,,,0,,,,0.479383,3.2,
rand-m2,25,50,1,b3,ok,14,,26,,,,,,,,,1,,,0.000064,2.6,
rand-m2,25,50,2,alg1,ok,17,4,21,23,0,18,21,1,1,1,,,0.000051,0.000178,0.000315,2.6,15af71f953f5
rand-m1,25,25,3,padded,timeout,,,,,,,,,,,,,,,600.000000,,
rand-m2,25,50,2,padded_shrink,ok,17,4,65,23,44,18,446,1,,1,,,0.000272,0.000177,0.000778,2.6,15af71f953f5
rand-m2,25,50,2,b2,ok,17,,2097152,,,,,,,,0,,,,0.452353,3.2,
rand-m2,25,50,2,b3,ok,17,,26,,,,,,,,,1,,,0.000078,2.6,
rand-m2,25,50,3,alg1,ok,19,20,39,45,0,20,39,1,1,1,,,0.000107,0.000899,0.001113,2.6,0f49ca642bbe
rand-m1,25,25,4,padded,timeout,,,,,,,,,,,,,,,600.000000,,
rand-m2,25,50,3,padded_shrink,ok,19,20,92,45,53,20,514,1,,1,,,0.001158,0.000628,0.002265,2.6,0f49ca642bbe
rand-m2,25,50,3,b2,ok,19,,2097152,,,,,,,,0,,,,0.441529,3.3,
rand-m2,25,50,3,b3,ok,19,,26,,,,,,,,,1,,,0.000075,2.6,
rand-m2,25,50,4,alg1,ok,19,6,25,27,0,20,25,1,1,1,,,0.000073,0.000226,0.000402,2.6,fe1b1b463e38
rand-m1,25,25,5,padded,timeout,,,,,,,,,,,,,,,600.000000,,
rand-m2,25,50,4,padded_shrink,ok,19,6,78,27,53,20,500,1,,1,,,0.000366,0.000377,0.001734,2.6,fe1b1b463e38
rand-m2,25,50,4,b2,ok,19,,2097152,,,,,,,,0,,,,0.498328,3.2,
rand-m2,25,50,4,b3,ok,19,,26,,,,,,,,,1,,,0.000055,2.6,
rand-m2,25,50,5,alg1,ok,18,12,30,35,0,19,30,1,1,1,,,0.000306,0.000344,0.000773,2.6,2a602c45c1d4
rand-m1,25,25,6,padded,timeout,,,,,,,,,,,,,,,600.000000,,
rand-m2,25,50,5,padded_shrink,ok,18,12,86,45,56,19,480,1,,1,,,0.000604,0.000335,0.001430,2.6,2a602c45c1d4
rand-m2,25,50,5,b2,ok,18,,2097152,,,,,,,,0,,,,0.430285,3.2,
rand-m2,25,50,5,b3,ok,18,,26,,,,,,,,,1,,,0.000058,2.6,
rand-m2,25,50,6,alg1,ok,18,10,28,28,0,19,28,1,1,1,,,0.000076,0.000228,0.000403,2.6,5f4a2595177d
rand-m1,25,25,7,padded,timeout,,,,,,,,,,,,,,,600.000000,,
rand-m2,25,50,6,padded_shrink,ok,18,10,79,28,51,19,478,1,,1,,,0.000284,0.000671,0.001258,2.6,5f4a2595177d
rand-m2,25,50,6,b2,ok,18,,2097152,,,,,,,,0,,,,0.433422,3.2,
rand-m2,25,50,6,b3,ok,18,,26,,,,,,,,,1,,,0.000048,2.6,
rand-m2,25,50,7,alg1,ok,20,9,29,37,0,21,29,1,1,1,,,0.000095,0.000359,0.000566,2.6,293649e7e168
rand-m1,25,25,8,padded,timeout,,,,,,,,,,,,,,,600.000000,,
rand-m2,25,50,7,padded_shrink,ok,20,9,87,38,58,21,529,1,,1,,,0.001457,0.000450,0.002470,2.6,293649e7e168
rand-m2,25,50,7,b2,ok,20,,2097152,,,,,,,,0,,,,0.499338,3.3,
rand-m2,25,50,7,b3,ok,20,,26,,,,,,,,,1,,,0.000063,2.6,
rand-m2,25,50,8,alg1,ok,18,24,42,50,0,19,42,1,1,1,,,0.000193,0.000958,0.001391,2.6,51592927547f
rand-m1,25,25,9,padded,timeout,,,,,,,,,,,,,,,600.000000,,
rand-m2,25,50,8,padded_shrink,ok,18,24,101,50,59,19,492,1,,1,,,0.001006,0.000624,0.002119,2.6,51592927547f
rand-m2,25,50,8,b2,ok,18,,2097152,,,,,,,,0,,,,0.512677,3.3,
rand-m2,25,50,8,b3,ok,18,,26,,,,,,,,,1,,,0.000059,2.6,
rand-m2,25,50,9,alg1,ok,18,4,22,22,0,19,22,1,1,1,,,0.000067,0.000206,0.001105,2.6,f9924d07a635
rand-m2,25,50,0,padded,timeout,,,,,,,,,,,,,,,600.000000,,
rand-m2,25,50,9,padded_shrink,ok,18,4,69,22,47,19,472,1,,1,,,0.000414,0.000274,0.001521,2.6,f9924d07a635
rand-m2,25,50,9,b2,ok,18,,2097152,,,,,,,,0,,,,0.478801,3.3,
rand-m2,25,50,9,b3,ok,18,,26,,,,,,,,,1,,,0.000057,2.6,
rand-m4,25,100,0,alg1,ok,21,1,22,22,0,22,22,1,1,1,,,0.000072,0.000268,0.000454,2.6,8556ffd4afb0
rand-m2,25,50,1,padded,timeout,,,,,,,,,,,,,,,600.000000,,
rand-m4,25,100,0,padded_shrink,ok,21,1,69,22,47,22,547,1,,1,,,0.000271,0.000842,0.001526,2.6,8556ffd4afb0
rand-m4,25,100,0,b2,ok,21,,2097152,,,,,,,,0,,,,0.493282,3.3,
rand-m4,25,100,0,b3,ok,21,,26,,,,,,,,,1,,,0.000058,2.6,
rand-m4,25,100,1,alg1,ok,21,6,27,31,0,22,27,1,1,1,,,0.000087,0.000311,0.000507,2.6,e5cafd61ee31
rand-m2,25,50,2,padded,timeout,,,,,,,,,,,,,,,600.000000,,
rand-m4,25,100,1,padded_shrink,ok,21,6,83,31,58,22,552,1,,1,,,0.000620,0.000245,0.002799,2.6,e5cafd61ee31
rand-m4,25,100,1,b2,ok,21,,2097152,,,,,,,,0,,,,0.365049,3.3,
rand-m4,25,100,1,b3,ok,21,,26,,,,,,,,,1,,,0.000047,2.6,
rand-m4,25,100,2,alg1,ok,23,6,29,29,0,24,29,1,1,1,,,0.000090,0.000281,0.000469,2.6,d67f66ac397a
rand-m2,25,50,3,padded,timeout,,,,,,,,,,,,,,,600.000000,,
rand-m4,25,100,2,padded_shrink,ok,23,6,88,29,61,24,604,1,,1,,,0.000398,0.000238,0.000995,2.6,d67f66ac397a
rand-m4,25,100,2,b2,ok,23,,2097152,,,,,,,,0,,,,0.345477,3.3,
rand-m4,25,100,2,b3,ok,23,,26,,,,,,,,,1,,,0.000053,2.6,
rand-m4,25,100,3,alg1,ok,22,2,24,25,0,23,24,1,1,1,,,0.000082,0.000216,0.000406,2.6,b7d9dea351d3
rand-m2,25,50,4,padded,timeout,,,,,,,,,,,,,,,600.000000,,
rand-m4,25,100,3,padded_shrink,ok,22,2,79,25,55,23,574,1,,1,,,0.000700,0.000259,0.001278,2.6,b7d9dea351d3
rand-m4,25,100,3,b2,ok,22,,2097152,,,,,,,,0,,,,0.338522,3.3,
rand-m4,25,100,3,b3,ok,22,,26,,,,,,,,,1,,,0.000044,2.6,
rand-m4,25,100,4,alg1,ok,18,1,19,19,0,19,19,1,1,1,,,0.000037,0.000128,0.000251,2.6,1b1bf8b26985
rand-m2,25,50,5,padded,timeout,,,,,,,,,,,,,,,600.000000,,
rand-m4,25,100,4,padded_shrink,ok,18,1,62,19,43,19,469,1,,1,,,0.000146,0.000116,0.000470,2.6,1b1bf8b26985
rand-m4,25,100,4,b2,ok,18,,2097152,,,,,,,,0,,,,0.350975,3.3,
rand-m4,25,100,4,b3,ok,18,,26,,,,,,,,,1,,,0.000039,2.6,
rand-m4,25,100,5,alg1,ok,20,1,21,21,0,21,21,1,1,1,,,0.000046,0.000166,0.000281,2.6,e6a230f20900
rand-m2,25,50,6,padded,timeout,,,,,,,,,,,,,,,600.000000,,
rand-m4,25,100,5,padded_shrink,ok,20,1,67,21,46,21,521,1,,1,,,0.000891,0.000315,0.001526,2.6,e6a230f20900
rand-m4,25,100,5,b2,ok,20,,2097152,,,,,,,,0,,,,0.332341,3.3,
rand-m4,25,100,5,b3,ok,20,,26,,,,,,,,,1,,,0.000042,2.6,
rand-m4,25,100,6,alg1,ok,19,2,21,21,0,20,21,1,1,1,,,0.000059,0.000333,0.000470,2.6,a0160f6f7303
rand-m2,25,50,7,padded,timeout,,,,,,,,,,,,,,,600.000000,,
rand-m4,25,100,6,padded_shrink,ok,19,2,69,21,48,20,496,1,,1,,,0.000259,0.000386,0.003084,2.6,a0160f6f7303
rand-m4,25,100,6,b2,ok,19,,2097152,,,,,,,,0,,,,0.388608,3.2,
rand-m4,25,100,6,b3,ok,19,,26,,,,,,,,,1,,,0.000063,2.6,
rand-m4,25,100,7,alg1,ok,18,2,20,20,0,19,20,1,1,1,,,0.000075,0.000133,0.000279,2.6,a8ffbab1b04a
rand-m2,25,50,8,padded,timeout,,,,,,,,,,,,,,,600.000000,,
rand-m4,25,100,7,padded_shrink,ok,18,2,62,20,42,19,470,1,,1,,,0.000151,0.000127,0.000496,2.6,a8ffbab1b04a
rand-m4,25,100,7,b2,ok,18,,2097152,,,,,,,,0,,,,0.332633,3.3,
rand-m4,25,100,7,b3,ok,18,,26,,,,,,,,,1,,,0.000039,2.6,
rand-m4,25,100,8,alg1,ok,21,4,25,25,0,22,25,1,1,1,,,0.000087,0.000294,0.000551,2.6,3c68073e700a
rand-m2,25,50,9,padded,timeout,,,,,,,,,,,,,,,600.000000,,
rand-m4,25,100,8,padded_shrink,ok,21,4,76,25,51,22,550,1,,1,,,0.000579,0.000172,0.001013,2.6,3c68073e700a
rand-m4,25,100,8,b2,ok,21,,2097152,,,,,,,,0,,,,0.317096,3.3,
rand-m4,25,100,8,b3,ok,21,,26,,,,,,,,,1,,,0.000090,2.6,
rand-m4,25,100,9,alg1,ok,23,1,24,24,0,24,24,1,1,1,,,0.000055,0.000306,0.000468,2.6,da29da53127b
rand-m4,25,100,0,padded,timeout,,,,,,,,,,,,,,,600.000000,,
rand-m4,25,100,9,padded_shrink,ok,23,1,73,24,50,24,599,1,,1,,,0.000155,0.000242,0.000796,2.6,da29da53127b
rand-m4,25,100,9,b2,ok,23,,2097152,,,,,,,,0,,,,0.337308,3.3,
rand-m4,25,100,9,b3,ok,23,,26,,,,,,,,,1,,,0.000041,2.6,
rand-m1,30,30,0,alg1,ok,24,1089,1113,1373,0,25,1113,1,1,1,,,0.002958,0.220064,0.225049,5.2,bcaf8a9f63ac
rand-m1,30,30,0,padded_shrink,ok,24,1089,1216,1373,103,25,1833,1,,1,,,0.003312,0.230908,0.236830,5.2,bcaf8a9f63ac
rand-m1,30,30,0,b2,ok,24,,2097152,,,,,,,,0,,,,0.286053,3.1,
rand-m1,30,30,0,b3,ok,24,,31,,,,,,,,,1,,,0.000140,2.6,
rand-m1,30,30,1,alg1,ok,22,88,110,149,0,23,110,1,1,1,,,0.000605,0.003978,0.004879,2.7,6fdbecec60b7
rand-m1,30,30,1,padded_shrink,ok,22,88,193,149,83,23,770,1,,1,,,0.001405,0.003774,0.005849,2.7,6fdbecec60b7
rand-m1,30,30,1,b2,ok,22,,2097152,,,,,,,,0,,,,0.279773,3.1,
rand-m1,30,30,1,b3,ok,22,,31,,,,,,,,,1,,,0.000119,2.6,
rand-m1,30,30,2,alg1,ok,20,120,140,147,0,21,140,1,1,1,,,0.000370,0.003494,0.004057,2.8,5f1963773d1d
rand-m1,30,30,2,padded_shrink,ok,20,120,215,147,75,21,740,1,,1,,,0.000612,0.003663,0.005102,2.7,5f1963773d1d
rand-m1,30,30,2,b2,ok,20,,2097152,,,,,,,,0,,,,0.299540,3.1,
rand-m1,30,30,2,b3,ok,20,,31,,,,,,,,,1,,,0.000161,2.6,
rand-m1,30,30,3,alg1,ok,17,42,59,84,0,18,59,1,1,1,,,0.000174,0.001542,0.001860,2.6,96a330b6efc5
rand-m1,30,30,3,padded_shrink,ok,17,42,120,84,61,18,569,1,,1,,,0.000454,0.001100,0.002687,2.6,96a330b6efc5
rand-m1,30,30,3,b2,ok,17,,2097152,,,,,,,,0,,,,0.293999,3.1,
rand-m1,30,30,3,b3,ok,17,,31,,,,,,,,,1,,,0.000064,2.6,
rand-m1,30,30,4,alg1,ok,14,18,32,35,0,15,32,1,1,1,,,0.000095,0.000204,0.000388,2.6,16deaa0ef32a
rand-m1,30,30,4,padded_shrink,ok,14,18,80,35,48,15,452,1,,1,,,0.000336,0.000303,0.001681,2.6,16deaa0ef32a
rand-m1,30,30,4,b2,ok,14,,2097152,,,,,,,,0,,,,0.277441,3.1,
rand-m1,30,30,4,b3,ok,14,,31,,,,,,,,,1,,,0.000057,2.6,
rand-m1,30,30,5,alg1,ok,19,104,123,135,0,20,123,1,1,1,,,0.000334,0.002372,0.003042,2.7,ddca58c9f379
rand-m1,30,30,5,padded_shrink,ok,19,104,187,135,64,20,693,1,,1,,,0.000443,0.001450,0.002863,2.7,ddca58c9f379
rand-m1,30,30,5,b2,ok,19,,2097152,,,,,,,,0,,,,0.277831,3.1,
rand-m1,30,30,5,b3,ok,19,,31,,,,,,,,,1,,,0.000070,2.6,
rand-m1,30,30,6,alg1,ok,17,48,65,73,0,18,65,1,1,1,,,0.000163,0.000694,0.001121,2.6,2ec1a1c37497
rand-m1,30,30,6,padded_shrink,ok,17,48,124,73,59,18,575,1,,1,,,0.000636,0.001470,0.002561,2.7,2ec1a1c37497
rand-m1,30,30,6,b2,ok,17,,2097152,,,,,,,,0,,,,0.282893,3.1,
rand-m1,30,30,6,b3,ok,17,,31,,,,,,,,,1,,,0.000059,2.6,
rand-m1,30,30,7,alg1,ok,17,54,71,71,0,18,71,1,1,1,,,0.000170,0.000584,0.001052,2.6,6850eba28c01
rand-m1,30,30,7,padded_shrink,ok,17,54,132,78,61,18,581,1,,1,,,0.000314,0.001333,0.002040,2.7,6850eba28c01
rand-m1,30,30,7,b2,ok,17,,2097152,,,,,,,,0,,,,0.257695,3.1,
rand-m1,30,30,7,b3,ok,17,,31,,,,,,,,,1,,,0.000055,2.6,
rand-m1,30,30,8,alg1,ok,17,126,143,148,0,18,143,1,1,1,,,0.000420,0.001864,0.002534,2.7,16e793501216
rand-m1,30,30,8,padded_shrink,ok,17,126,207,148,64,18,653,1,,1,,,0.000477,0.002187,0.003134,2.7,16e793501216
rand-m1,30,30,8,b2,ok,17,,2097152,,,,,,,,0,,,,0.281807,3.1,
rand-m1,30,30,8,b3,ok,17,,31,,,,,,,,,1,,,0.000120,2.6,
rand-m1,30,30,9,alg1,ok,20,94,114,141,0,21,114,1,1,1,,,0.000423,0.003307,0.004063,2.7,a4e2203e3d22
rand-m1,30,30,9,padded_shrink,ok,20,94,187,141,73,21,714,1,,1,,,0.000755,0.002108,0.003862,2.7,a4e2203e3d22
rand-m1,30,30,9,b2,ok,20,,2097152,,,,,,,,0,,,,0.275813,3.1,
rand-m1,30,30,9,b3,ok,20,,31,,,,,,,,,1,,,0.000101,2.6,
rand-m2,30,60,0,alg1,ok,21,4,25,25,0,22,25,1,1,1,,,0.000070,0.000394,0.000578,2.6,5c2161a5d7a8
rand-m2,30,60,0,padded_shrink,ok,21,4,79,25,54,22,655,1,,1,,,0.000187,0.000160,0.000747,2.6,5c2161a5d7a8
rand-m2,30,60,0,b2,ok,21,,2097152,,,,,,,,0,,,,0.264236,3.1,
rand-m2,30,60,0,b3,ok,21,,31,,,,,,,,,1,,,0.000051,2.6,
rand-m2,30,60,1,alg1,ok,23,24,47,57,0,24,47,1,1,1,,,0.000176,0.000490,0.000884,2.6,3c97d1776ea5
rand-m2,30,60,1,padded_shrink,ok,23,24,115,57,68,24,737,1,,1,,,0.000345,0.000399,0.001386,2.6,3c97d1776ea5
rand-m2,30,60,1,b2,ok,23,,2097152,,,,,,,,0,,,,0.269514,3.1,
rand-m2,30,60,1,b3,ok,23,,31,,,,,,,,,1,,,0.000083,2.6,
rand-m2,30,60,2,alg1,ok,23,92,115,119,0,24,115,1,1,1,,,0.000375,0.001957,0.002813,2.7,6a977f6e79fe
rand-m2,30,60,2,padded_shrink,ok,23,92,199,119,84,24,805,1,,1,,,0.000664,0.001055,0.002977,2.7,6a977f6e79fe
rand-m2,30,60,2,b2,ok,23,,2097152,,,,,,,,0,,,,0.266354,3.1,
rand-m2,30,60,2,b3,ok,23,,31,,,,,,,,,1,,,0.000072,2.6,
rand-m2,30,60,3,alg1,ok,21,28,49,53,0,22,49,1,1,1,,,0.000159,0.000494,0.000844,2.6,05faa932bdb2
rand-m2,30,60,3,padded_shrink,ok,21,28,112,53,63,22,679,1,,1,,,0.000283,0.001015,0.001644,2.6,05faa932bdb2
rand-m2,30,60,3,b2,ok,21,,2097152,,,,,,,,0,,,,0.273775,3.1,
rand-m2,30,60,3,b3,ok,21,,31,,,,,,,,,1,,,0.000064,2.6,
rand-m2,30,60,4,alg1,ok,23,42,65,78,0,24,65,1,1,1,,,0.000185,0.001114,0.001449,2.6,e6361d354258
rand-m2,30,60,4,padded_shrink,ok,23,42,146,87,81,24,755,1,,1,,,0.000434,0.001468,0.002485,2.7,e6361d354258
rand-m2,30,60,4,b2,ok,23,,2097152,,,,,,,,0,,,,0.282558,3.1,
rand-m2,30,60,4,b3,ok,23,,31,,,,,,,,,1,,,0.000110,2.6,
rand-m2,30,60,5,alg1,ok,23,29,52,64,0,24,52,1,1,1,,,0.000131,0.001436,0.001727,2.6,39780dd96a19
rand-m2,30,60,5,padded_shrink,ok,23,29,124,64,72,24,742,1,,1,,,0.000381,0.001322,0.002148,2.6,39780dd96a19
rand-m2,30,60,5,b2,ok,23,,2097152,,,,,,,,0,,,,0.298317,3.1,
rand-m2,30,60,5,b3,ok,23,,31,,,,,,,,,1,,,0.000102,2.6,
rand-m2,30,60,6,alg1,ok,21,24,45,52,0,22,45,1,1,1,,,0.000108,0.000395,0.000646,2.6,87b203abc6cd
rand-m2,30,60,6,padded_shrink,ok,21,24,110,52,65,22,675,1,,1,,,0.000317,0.000892,0.001584,2.6,87b203abc6cd
rand-m2,30,60,6,b2,ok,21,,2097152,,,,,,,,0,,,,0.316150,3.1,
rand-m2,30,60,6,b3,ok,21,,31,,,,,,,,,1,,,0.000091,2.6,
rand-m2,30,60,7,alg1,ok,21,10,31,35,0,22,31,1,1,1,,,0.000072,0.000289,0.000475,2.6,941f77169ddb
rand-m2,30,60,7,padded_shrink,ok,21,10,95,35,64,22,661,1,,1,,,0.000319,0.000349,0.001492,2.6,941f77169ddb
rand-m2,30,60,7,b2,ok,21,,2097152,,,,,,,,0,,,,0.313424,3.1,
rand-m2,30,60,7,b3,ok,21,,31,,,,,,,,,1,,,0.000064,2.6,
rand-m2,30,60,8,alg1,ok,20,40,60,96,0,21,60,1,1,1,,,0.000160,0.001303,0.001632,2.6,47bbdbdb6a16
rand-m2,30,60,8,padded_shrink,ok,20,40,122,96,62,21,660,1,,1,,,0.000609,0.001045,0.002140,2.7,47bbdbdb6a16
rand-m2,30,60,8,b2,ok,20,,2097152,,,,,,,,0,,,,0.272596,3.1,
rand-m2,30,60,8,b3,ok,20,,31,,,,,,,,,1,,,0.000084,2.6,
rand-m2,30,60,9,alg1,ok,21,6,27,30,0,22,27,1,1,1,,,0.000099,0.000448,0.000688,2.6,406e320dd2b0
rand-m2,30,60,9,padded_shrink,ok,21,6,86,31,59,22,657,1,,1,,,0.000293,0.000360,0.000977,2.6,406e320dd2b0
rand-m2,30,60,9,b2,ok,21,,2097152,,,,,,,,0,,,,0.275212,3.1,
rand-m2,30,60,9,b3,ok,21,,31,,,,,,,,,1,,,0.000056,2.6,
rand-m4,30,120,0,alg1,ok,27,4,31,31,0,28,31,1,1,1,,,0.000222,0.000412,0.000803,2.6,53bc6105b398
rand-m4,30,120,0,padded_shrink,ok,27,4,97,31,66,28,841,1,,1,,,0.000314,0.000681,0.001351,2.7,53bc6105b398
rand-m4,30,120,0,b2,ok,27,,2097152,,,,,,,,0,,,,0.271416,3.1,
rand-m4,30,120,0,b3,ok,27,,31,,,,,,,,,1,,,0.000058,2.6,
rand-m4,30,120,1,alg1,ok,25,8,33,35,0,26,33,1,1,1,,,0.000262,0.000327,0.000780,2.6,9c1506efbc07
rand-m4,30,120,1,padded_shrink,ok,25,8,96,35,63,26,783,1,,1,,,0.000285,0.000252,0.001285,2.6,9c1506efbc07
rand-m4,30,120,1,b2,ok,25,,2097152,,,,,,,,0,,,,0.274714,3.1,
rand-m4,30,120,1,b3,ok,25,,31,,,,,,,,,1,,,0.000065,2.6,
rand-m4,30,120,2,alg1,ok,27,6,33,35,0,28,33,1,1,1,,,0.000155,0.000353,0.000614,2.6,302720c53a49
rand-m4,30,120,2,padded_shrink,ok,27,6,100,35,68,28,843,1,,1,,,0.000667,0.000367,0.001361,2.6,302720c53a49
rand-m4,30,120,2,b2,ok,27,,2097152,,,,,,,,0,,,,0.262257,3.1,
rand-m4,30,120,2,b3,ok,27,,31,,,,,,,,,1,,,0.000111,2.6,
rand-m4,30,120,3,alg1,ok,24,4,28,28,0,25,28,1,1,1,,,0.000093,0.000257,0.000445,2.6,dc8b74f9b182
rand-m4,30,120,3,padded_shrink,ok,24,4,86,28,58,25,748,1,,1,,,0.000292,0.000441,0.001228,2.6,dc8b74f9b182
rand-m4,30,120,3,b2,ok,24,,2097152,,,,,,,,0,,,,0.256573,3.1,
rand-m4,30,120,3,b3,ok,24,,31,,,,,,,,,1,,,0.000056,2.6,
rand-m4,30,120,4,alg1,ok,26,6,32,36,0,27,32,1,1,1,,,0.000083,0.000447,0.000658,2.6,2bff9012e4c5
rand-m4,30,120,4,padded_shrink,ok,26,6,103,36,71,27,812,1,,1,,,0.000776,0.000316,0.001792,2.6,2bff9012e4c5
rand-m4,30,120,4,b2,ok,26,,2097152,,,,,,,,0,,,,0.308495,3.1,
rand-m4,30,120,4,b3,ok,26,,31,,,,,,,,,1,,,0.000064,2.6,
rand-m4,30,120,5,alg1,ok,26,4,30,30,0,27,30,1,1,1,,,0.000077,0.000321,0.000540,2.6,81e0c173f8dd
rand-m4,30,120,5,padded_shrink,ok,26,4,98,30,68,27,810,1,,1,,,0.000403,0.000260,0.001242,2.6,81e0c173f8dd
rand-m4,30,120,5,b2,ok,26,,2097152,,,,,,,,0,,,,0.267801,3.1,
rand-m4,30,120,5,b3,ok,26,,31,,,,,,,,,1,,,0.000061,2.6,
rand-m4,30,120,6,alg1,ok,23,4,27,28,0,24,27,1,1,1,,,0.000051,0.000220,0.000461,2.6,d9c7e95332ad
rand-m4,30,120,6,padded_shrink,ok,23,4,82,28,55,24,717,1,,1,,,0.000222,0.000184,0.001076,2.6,d9c7e95332ad
rand-m4,30,120,6,b2,ok,23,,2097152,,,,,,,,0,,,,0.280690,3.0,
rand-m4,30,120,6,b3,ok,23,,31,,,,,,,,,1,,,0.000060,2.6,
rand-m4,30,120,7,alg1,ok,26,2,28,28,0,27,28,1,1,1,,,0.000079,0.000345,0.000548,2.6,8009f5f98ec1
rand-m4,30,120,7,padded_shrink,ok,26,2,85,28,57,27,808,1,,1,,,0.000211,0.000382,0.000898,2.6,8009f5f98ec1
rand-m4,30,120,7,b2,ok,26,,2097152,,,,,,,,0,,,,0.270752,3.1,
rand-m4,30,120,7,b3,ok,26,,31,,,,,,,,,1,,,0.000064,2.6,
rand-m4,30,120,8,alg1,ok,25,4,29,31,0,26,29,1,1,1,,,0.000131,0.000423,0.000771,2.6,f6c6abfb8ace
rand-m4,30,120,8,padded_shrink,ok,25,4,93,31,64,26,779,1,,1,,,0.000695,0.000306,0.001365,2.6,f6c6abfb8ace
rand-m4,30,120,8,b2,ok,25,,2097152,,,,,,,,0,,,,0.267992,3.1,
rand-m4,30,120,8,b3,ok,25,,31,,,,,,,,,1,,,0.000059,2.6,
rand-m4,30,120,9,alg1,ok,25,2,27,27,0,26,27,1,1,1,,,0.000093,0.000351,0.000581,2.6,01c3e1ef184c
rand-m4,30,120,9,padded_shrink,ok,25,2,82,27,55,26,777,1,,1,,,0.000202,0.000371,0.000848,2.6,01c3e1ef184c
rand-m4,30,120,9,b2,ok,25,,2097152,,,,,,,,0,,,,0.283821,3.1,
rand-m4,30,120,9,b3,ok,25,,31,,,,,,,,,1,,,0.000058,2.6,
rand-m1,35,35,0,alg1,ok,19,296,315,462,0,20,315,1,1,1,,,0.000935,0.011894,0.013393,3.1,ecd47b9cf3da
rand-m1,35,35,0,padded_shrink,ok,19,296,385,462,70,20,980,1,,1,,,0.001064,0.012047,0.014202,3.2,ecd47b9cf3da
rand-m1,35,35,0,b2,ok,19,,2097152,,,,,,,,0,,,,0.223156,2.9,
rand-m1,35,35,0,b3,ok,19,,36,,,,,,,,,1,,,0.000092,2.6,
rand-m1,35,35,1,alg1,ok,19,54,73,79,0,20,73,1,1,1,,,0.000209,0.000706,0.001383,2.6,3ff29f5bdc57
rand-m1,35,35,1,padded_shrink,ok,19,54,137,79,64,20,738,1,,1,,,0.000548,0.000818,0.001833,2.7,3ff29f5bdc57
rand-m1,35,35,1,b2,ok,19,,2097152,,,,,,,,0,,,,0.234494,2.9,
rand-m1,35,35,1,b3,ok,19,,36,,,,,,,,,1,,,0.000079,2.6,
rand-m1,35,35,2,alg1,ok,22,260,282,310,0,23,282,1,1,1,,,0.000654,0.002750,0.003889,2.7,d3d728ced5f7
rand-m1,35,35,2,padded_shrink,ok,22,260,364,311,82,23,1052,1,,1,,,0.001456,0.002548,0.006197,2.8,d3d728ced5f7
rand-m1,35,35,2,b2,ok,22,,2097152,,,,,,,,0,,,,0.230850,2.9,
rand-m1,35,35,2,b3,ok,22,,36,,,,,,,,,1,,,0.000097,2.6,
rand-m1,35,35,3,alg1,ok,20,18,38,59,0,21,38,1,1,1,,,0.000127,0.000434,0.000713,2.6,d704561ed7fa
rand-m1,35,35,3,padded_shrink,ok,20,18,101,59,63,21,738,1,,1,,,0.000546,0.000777,0.002201,2.7,d704561ed7fa
rand-m1,35,35,3,b2,ok,20,,2097152,,,,,,,,0,,,,0.234685,2.9,
rand-m1,35,35,3,b3,ok,20,,36,,,,,,,,,1,,,0.000075,2.6,
rand-m1,35,35,4,alg1,ok,23,55,78,113,0,24,78,1,1,1,,,0.000163,0.001523,0.001864,2.6,77d71500fb57
rand-m1,35,35,4,padded_shrink,ok,23,55,165,114,87,24,883,1,,1,,,0.000985,0.001430,0.003033,2.7,77d71500fb57
rand-m1,35,35,4,b2,ok,23,,2097152,,,,,,,,0,,,,0.230446,2.9,
rand-m1,35,35,4,b3,ok,23,,36,,,,,,,,,1,,,0.000090,2.6,
rand-m1,35,35,5,alg1,ok,23,146,169,183,0,24,169,1,1,1,,,0.000453,0.002573,0.003430,2.7,173b81195286
rand-m1,35,35,5,padded_shrink,ok,23,146,255,183,86,24,974,1,,1,,,0.000797,0.002760,0.004238,2.7,173b81195286
rand-m1,35,35,5,b2,ok,23,,2097152,,,,,,,,0,,,,0.232032,2.9,
rand-m1,35,35,5,b3,ok,23,,36,,,,,,,,,1,,,0.000105,2.6,
rand-m1,35,35,6,alg1,ok,19,56,75,128,0,20,75,1,1,1,,,0.000159,0.001001,0.001354,2.6,80f7a99b8d9f
rand-m1,35,35,6,padded_shrink,ok,19,56,141,128,66,20,740,1,,1,,,0.000364,0.000917,0.002040,2.7,80f7a99b8d9f
rand-m1,35,35,6,b2,ok,19,,2097152,,,,,,,,0,,,,0.230672,2.9,
rand-m1,35,35,6,b3,ok,19,,36,,,,,,,,,1,,,0.000076,2.6,
rand-m1,35,35,7,alg1,ok,19,42,61,67,0,20,61,1,1,1,,,0.000231,0.000873,0.001425,2.6,9f350c90babb
rand-m1,35,35,7,padded_shrink,ok,19,42,128,69,67,20,726,1,,1,,,0.000722,0.001243,0.002448,2.6,9f350c90babb
rand-m1,35,35,7,b2,ok,19,,2097152,,,,,,,,0,,,,0.234484,2.9,
rand-m1,35,35,7,b3,ok,19,,36,,,,,,,,,1,,,0.000081,2.6,
rand-m1,35,35,8,alg1,ok,17,120,137,173,0,18,137,1,1,1,,,0.000387,0.001157,0.001861,2.7,6a7ec505f871
rand-m1,35,35,8,padded_shrink,ok,17,120,196,173,59,18,732,1,,1,,,0.000384,0.000508,0.001774,2.7,6a7ec505f871
rand-m1,35,35,8,b2,ok,17,,2097152,,,,,,,,0,,,,0.215880,2.9,
rand-m1,35,35,8,b3,ok,17,,36,,,,,,,,,1,,,0.000076,2.6,
rand-m1,35,35,9,alg1,ok,21,40,61,63,0,22,61,1,1,1,,,0.000159,0.000391,0.000827,2.6,92dcc8e5507d
rand-m1,35,35,9,padded_shrink,ok,21,40,128,63,67,22,796,1,,1,,,0.000464,0.000303,0.001518,2.7,92dcc8e5507d
rand-m1,35,35,9,b2,ok,21,,2097152,,,,,,,,0,,,,0.214048,2.9,
rand-m1,35,35,9,b3,ok,21,,36,,,,,,,,,1,,,0.000119,2.6,
rand-m2,35,70,0,alg1,ok,25,24,49,57,0,26,49,1,1,1,,,0.000169,0.000472,0.000962,2.6,3e77edf76a18
rand-m2,35,70,0,padded_shrink,ok,25,24,121,57,72,26,924,1,,1,,,0.001069,0.000651,0.002353,2.7,3e77edf76a18
rand-m2,35,70,0,b2,ok,25,,2097152,,,,,,,,0,,,,0.235780,2.9,
rand-m2,35,70,0,b3,ok,25,,36,,,,,,,,,1,,,0.000085,2.6,
rand-m2,35,70,1,alg1,ok,31,58,89,98,0,32,89,1,1,1,,,0.000463,0.003270,0.003979,2.8,855f72ca0713
rand-m2,35,70,1,padded_shrink,ok,31,58,196,107,107,32,1174,1,,1,,,0.000856,0.004544,0.006424,2.8,855f72ca0713
rand-m2,35,70,1,b2,ok,31,,2097152,,,,,,,,0,,,,0.236057,2.9,
rand-m2,35,70,1,b3,ok,31,,36,,,,,,,,,1,,,0.000103,2.6,
rand-m2,35,70,2,alg1,ok,26,40,66,80,0,27,66,1,1,1,,,0.000194,0.001526,0.001993,2.6,e4eb65386cbf
rand-m2,35,70,2,padded_shrink,ok,26,40,141,78,75,27,976,1,,1,,,0.000396,0.001156,0.002112,2.7,e4eb65386cbf
rand-m2,35,70,2,b2,ok,26,,2097152,,,,,,,,0,,,,0.235074,2.9,
rand-m2,35,70,2,b3,ok,26,,36,,,,,,,,,1,,,0.000088,2.6,
rand-m2,35,70,3,alg1,ok,25,16,41,41,0,26,41,1,1,1,,,0.000177,0.000619,0.001041,2.6,ee42a95aa06c
rand-m2,35,70,3,padded_shrink,ok,25,16,111,41,70,26,916,1,,1,,,0.000368,0.000532,0.005286,2.6,ee42a95aa06c
rand-m2,35,70,3,b2,ok,25,,2097152,,,,,,,,0,,,,0.242279,2.9,
rand-m2,35,70,3,b3,ok,25,,36,,,,,,,,,1,,,0.000081,2.6,
rand-m2,35,70,4,alg1,ok,28,44,72,73,0,29,72,1,1,1,,,0.000328,0.001457,0.002165,2.6,45beaee7244f
rand-m2,35,70,4,padded_shrink,ok,28,44,158,73,86,29,1052,1,,1,,,0.000618,0.001216,0.002982,2.7,45beaee7244f
rand-m2,35,70,4,b2,ok,28,,2097152,,,,,,,,0,,,,0.239443,2.9,
rand-m2,35,70,4,b3,ok,28,,36,,,,,,,,,1,,,0.000155,2.6,
rand-m2,35,70,5,alg1,ok,30,120,150,318,0,31,150,1,1,1,,,0.000671,0.007398,0.008871,2.8,326474efe655
rand-m2,35,70,5,padded_shrink,ok,30,120,255,318,105,31,1200,1,,1,,,0.001308,0.006734,0.009269,2.9,326474efe655
rand-m2,35,70,5,b2,ok,30,,2097152,,,,,,,,0,,,,0.227253,2.9,
rand-m2,35,70,5,b3,ok,30,,36,,,,,,,,,1,,,0.000157,2.6,
rand-m2,35,70,6,alg1,ok,28,35,63,87,0,29,63,1,1,1,,,0.000190,0.001308,0.001788,2.6,4190fc2d9fbd
rand-m2,35,70,6,padded_shrink,ok,28,35,153,87,90,29,1043,1,,1,,,0.001037,0.001343,0.003078,2.7,4190fc2d9fbd
rand-m2,35,70,6,b2,ok,28,,2097152,,,,,,,,0,,,,0.218519,2.9,
rand-m2,35,70,6,b3,ok,28,,36,,,,,,,,,1,,,0.000094,2.6,
rand-m2,35,70,7,alg1,ok,26,12,38,38,0,27,38,1,1,1,,,0.000127,0.000433,0.000723,2.6,b34e3d9701c7
rand-m2,35,70,7,padded_shrink,ok,26,12,109,38,71,27,948,1,,1,,,0.000589,0.000328,0.001704,2.6,b34e3d9701c7
rand-m2,35,70,7,b2,ok,26,,2097152,,,,,,,,0,,,,0.259026,2.9,
rand-m2,35,70,7,b3,ok,26,,36,,,,,,,,,1,,,0.000133,2.6,
rand-m2,35,70,8,alg1,ok,26,10,36,37,0,27,36,1,1,1,,,0.000131,0.000540,0.000901,2.6,23f528fc44dc
rand-m2,35,70,8,padded_shrink,ok,26,10,109,37,73,27,946,1,,1,,,0.000391,0.000866,0.001663,2.6,23f528fc44dc
rand-m2,35,70,8,b2,ok,26,,2097152,,,,,,,,0,,,,0.242834,2.9,
rand-m2,35,70,8,b3,ok,26,,36,,,,,,,,,1,,,0.000123,2.6,
rand-m2,35,70,9,alg1,ok,24,8,32,32,0,25,32,1,1,1,,,0.000133,0.000357,0.000635,2.6,98765ee0ec0e
rand-m2,35,70,9,padded_shrink,ok,24,8,96,32,64,25,872,1,,1,,,0.000432,0.000258,0.001036,2.6,98765ee0ec0e
rand-m2,35,70,9,b2,ok,24,,2097152,,,,,,,,0,,,,0.229990,2.9,
rand-m2,35,70,9,b3,ok,24,,36,,,,,,,,,1,,,0.000072,2.6,
rand-m4,35,140,0,alg1,ok,29,2,31,31,0,30,31,1,1,1,,,0.000107,0.000684,0.001152,2.6,5fd47cd13882
rand-m4,35,140,0,padded_shrink,ok,29,2,100,31,69,30,1046,1,,1,,,0.000309,0.000313,0.001490,2.6,5fd47cd13882
rand-m4,35,140,0,b2,ok,29,,2097152,,,,,,,,0,,,,0.261421,2.9,
rand-m4,35,140,0,b3,ok,29,,36,,,,,,,,,1,,,0.000141,2.6,
rand-m4,35,140,1,alg1,ok,29,12,41,55,0,30,41,1,1,1,,,0.000099,0.000906,0.001148,2.6,ad59d1486063
rand-m4,35,140,1,padded_shrink,ok,29,12,119,55,78,30,1056,1,,1,,,0.000396,0.000513,0.001693,2.6,ad59d1486063
rand-m4,35,140,1,b2,ok,29,,2097152,,,,,,,,0,,,,0.228287,2.9,
rand-m4,35,140,1,b3,ok,29,,36,,,,,,,,,1,,,0.000085,2.6,
rand-m4,35,140,2,alg1,ok,31,3,34,34,0,32,34,1,1,1,,,0.000385,0.000481,0.001031,2.6,fadfd8fcc69e
rand-m4,35,140,2,padded_shrink,ok,31,3,105,37,71,32,1119,1,,1,,,0.000469,0.000385,0.001375,2.6,fadfd8fcc69e
rand-m4,35,140,2,b2,ok,31,,2097152,,,,,,,,0,,,,0.223331,2.9,
rand-m4,35,140,2,b3,ok,31,,36,,,,,,,,,1,,,0.000084,2.6,
rand-m4,35,140,3,alg1,ok,29,8,37,37,0,30,37,1,1,1,,,0.000272,0.000367,0.000777,2.6,00a63bbc325b
rand-m4,35,140,3,padded_shrink,ok,29,8,109,37,72,30,1052,1,,1,,,0.000669,0.000337,0.001967,2.6,00a63bbc325b
rand-m4,35,140,3,b2,ok,29,,2097152,,,,,,,,0,,,,0.228647,2.9,
rand-m4,35,140,3,b3,ok,29,,36,,,,,,,,,1,,,0.000149,2.6,
rand-m4,35,140,4,alg1,ok,29,4,33,33,0,30,33,1,1,1,,,0.000242,0.000643,0.001114,2.6,da38edbf2682
rand-m4,35,140,4,padded_shrink,ok,29,4,105,33,72,30,1048,1,,1,,,0.000380,0.000974,0.001958,2.6,da38edbf2682
rand-m4,35,140,4,b2,ok,29,,2097152,,,,,,,,0,,,,0.223952,2.9,
rand-m4,35,140,4,b3,ok,29,,36,,,,,,,,,1,,,0.000080,2.6,
rand-m4,35,140,5,alg1,ok,30,3,33,33,0,31,33,1,1,1,,,0.000232,0.000386,0.000763,2.6,616d9f8916bc
rand-m4,35,140,5,padded_shrink,ok,30,3,104,35,71,31,1083,1,,1,,,0.000272,0.000628,0.001273,2.7,616d9f8916bc
rand-m4,35,140,5,b2,ok,30,,2097152,,,,,,,,0,,,,0.230001,2.9,
rand-m4,35,140,5,b3,ok,30,,36,,,,,,,,,1,,,0.000093,2.6,
rand-m4,35,140,6,alg1,ok,28,6,34,36,0,29,34,1,1,1,,,0.000081,0.000701,0.000938,2.6,ebef80bc4f2f
rand-m4,35,140,6,padded_shrink,ok,28,6,110,39,76,29,1014,1,,1,,,0.000463,0.000398,0.001250,2.6,ebef80bc4f2f
rand-m4,35,140,6,b2,ok,28,,2097152,,,,,,,,0,,,,0.235281,2.9,
rand-m4,35,140,6,b3,ok,28,,36,,,,,,,,,1,,,0.000080,2.6,
rand-m4,35,140,7,alg1,ok,27,2,29,29,0,28,29,1,1,1,,,0.000077,0.000327,0.000527,2.6,95b3ad75d3cd
rand-m4,35,140,7,padded_shrink,ok,27,2,93,29,64,28,974,1,,1,,,0.000263,0.000512,0.001329,2.6,95b3ad75d3cd
rand-m4,35,140,7,b2,ok,27,,2097152,,,,,,,,0,,,,0.240317,2.9,
rand-m4,35,140,7,b3,ok,27,,36,,,,,,,,,1,,,0.000075,2.6,
rand-m4,35,140,8,alg1,ok,36,26,62,94,0,37,62,1,1,1,,,0.000325,0.003645,0.004235,2.7,bbcf8baef5b3
rand-m4,35,140,8,padded_shrink,ok,36,26,169,76,107,37,1322,1,,1,,,0.000922,0.003127,0.004891,2.7,bbcf8baef5b3
rand-m4,35,140,8,b2,ok,36,,2097152,,,,,,,,0,,,,0.225304,2.9,
rand-m4,35,140,8,b3,ok,36,,36,,,,,,,,,1,,,0.000106,2.6,
rand-m4,35,140,9,alg1,ok,32,7,39,47,0,33,39,1,1,1,,,0.000098,0.000741,0.001011,2.6,417fc3df65b4
rand-m4,35,140,9,padded_shrink,ok,32,7,123,43,84,33,1159,1,,1,,,0.000466,0.000559,0.002160,2.7,417fc3df65b4
rand-m4,35,140,9,b2,ok,32,,2097152,,,,,,,,0,,,,0.213647,2.9,
rand-m4,35,140,9,b3,ok,32,,36,,,,,,,,,1,,,0.000087,2.6,
rand-m1,40,40,0,alg1,ok,25,294,319,331,0,26,319,1,1,1,,,0.000803,0.006027,0.007283,2.8,8dfdd675619a
rand-m1,40,40,0,padded_shrink,ok,25,294,410,331,91,26,1319,1,,1,,,0.001636,0.007088,0.009663,2.9,8dfdd675619a
rand-m1,40,40,0,b2,ok,25,,2097152,,,,,,,,0,,,,0.211838,2.9,
rand-m1,40,40,0,b3,ok,25,,41,,,,,,,,,1,,,0.000203,2.6,
rand-m1,40,40,1,alg1,ok,28,297,325,523,0,29,325,1,1,1,,,0.001226,0.060797,0.062793,3.7,bccfa170e584
rand-m1,40,40,1,padded_shrink,ok,28,297,433,523,108,29,1445,1,,1,,,0.002000,0.064073,0.067396,3.8,bccfa170e584
rand-m1,40,40,1,b2,ok,28,,2097152,,,,,,,,0,,,,0.207539,2.9,
rand-m1,40,40,1,b3,ok,28,,41,,,,,,,,,1,,,0.000138,2.6,
rand-m1,40,40,2,alg1,ok,24,32,56,74,0,25,56,1,1,1,,,0.000189,0.001718,0.002104,2.6,fc5dbec098ba
rand-m1,40,40,2,padded_shrink,ok,24,32,133,74,77,25,1016,1,,1,,,0.000624,0.001041,0.002454,2.7,fc5dbec098ba
rand-m1,40,40,2,b2,ok,24,,2097152,,,,,,,,0,,,,0.217435,2.9,
rand-m1,40,40,2,b3,ok,24,,41,,,,,,,,,1,,,0.000113,2.6,
rand-m1,40,40,3,alg1,ok,18,18,36,36,0,19,36,1,1,1,,,0.000122,0.000206,0.000412,2.6,a4d90a8b654e
rand-m1,40,40,3,padded_shrink,ok,18,18,88,36,52,19,756,1,,1,,,0.000251,0.000699,0.001229,2.6,a4d90a8b654e
rand-m1,40,40,3,b2,ok,18,,2097152,,,,,,,,0,,,,0.232759,2.9,
rand-m1,40,40,3,b3,ok,18,,41,,,,,,,,,1,,,0.000084,2.6,
rand-m1,40,40,4,alg1,ok,24,300,324,380,0,25,324,1,1,1,,,0.000876,0.051765,0.053187,3.8,cde39daceed3
rand-m1,40,40,4,padded_shrink,ok,24,300,419,380,95,25,1284,1,,1,,,0.002023,0.050330,0.053404,3.7,cde39daceed3
rand-m1,40,40,4,b2,ok,24,,2097152,,,,,,,,0,,,,0.248747,2.9,
rand-m1,40,40,4,b3,ok,24,,41,,,,,,,,,1,,,0.000117,2.6,
rand-m1,40,40,5,alg1,ok,22,54,76,76,0,23,76,1,1,1,,,0.000181,0.000603,0.001264,2.6,ebb3d341e754
rand-m1,40,40,5,padded_shrink,ok,22,54,143,76,67,23,956,1,,1,,,0.000552,0.000780,0.002384,2.7,ebb3d341e754
rand-m1,40,40,5,b2,ok,22,,2097152,,,,,,,,0,,,,0.239372,2.9,
rand-m1,40,40,5,b3,ok,22,,41,,,,,,,,,1,,,0.000099,2.6,
rand-m1,40,40,6,alg1,ok,22,108,130,228,0,23,130,1,1,1,,,0.001025,0.003761,0.005113,2.7,7af8d5c1ccac
rand-m1,40,40,6,padded_shrink,ok,22,108,209,228,79,23,1010,1,,1,,,0.000839,0.002786,0.004417,2.8,7af8d5c1ccac
rand-m1,40,40,6,b2,ok,22,,2097152,,,,,,,,0,,,,0.257930,2.9,
rand-m1,40,40,6,b3,ok,22,,41,,,,,,,,,1,,,0.000186,2.6,
rand-m1,40,40,7,alg1,ok,23,50,73,111,0,24,73,1,1,1,,,0.000479,0.001004,0.001652,2.6,4d72c875c6ce
rand-m1,40,40,7,padded_shrink,ok,23,50,147,111,74,24,993,1,,1,,,0.000843,0.001501,0.003878,2.7,4d72c875c6ce
rand-m1,40,40,7,b2,ok,23,,2097152,,,,,,,,0,,,,0.220613,2.9,
rand-m1,40,40,7,b3,ok,23,,41,,,,,,,,,1,,,0.000116,2.6,
rand-m1,40,40,8,alg1,ok,25,415,440,649,0,26,440,1,1,1,,,0.001356,0.081417,0.083766,3.8,09425ef3179b
rand-m1,40,40,8,padded_shrink,ok,25,415,542,649,102,26,1440,1,,1,,,0.002366,0.081289,0.085654,3.9,09425ef3179b
rand-m1,40,40,8,b2,ok,25,,2097152,,,,,,,,0,,,,0.240301,2.9,
rand-m1,40,40,8,b3,ok,25,,41,,,,,,,,,1,,,0.000223,2.6,
rand-m1,40,40,9,alg1,ok,23,40,63,81,0,24,63,1,1,1,,,0.000162,0.001738,0.002041,2.6,19a0c3c6a1e8
rand-m1,40,40,9,padded_shrink,ok,23,40,137,81,74,24,983,1,,1,,,0.000471,0.001099,0.002701,2.7,19a0c3c6a1e8
rand-m1,40,40,9,b2,ok,23,,2097152,,,,,,,,0,,,,0.245422,2.9,
rand-m1,40,40,9,b3,ok,23,,41,,,,,,,,,1,,,0.000179,2.6,
rand-m2,40,80,0,alg1,ok,25,12,37,37,0,26,37,1,1,1,,,0.000138,0.000337,0.000593,2.6,72cbd5a0503e
rand-m2,40,80,0,padded_shrink,ok,25,12,107,37,70,26,1037,1,,1,,,0.000516,0.000457,0.002259,2.6,72cbd5a0503e
rand-m2,40,80,0,b2,ok,25,,2097152,,,,,,,,0,,,,0.223455,2.9,
rand-m2,40,80,0,b3,ok,25,,41,,,,,,,,,1,,,0.000101,2.6,
rand-m2,40,80,1,alg1,ok,31,140,171,205,0,32,171,1,1,1,,,0.000624,0.010461,0.011571,2.9,37de2d824487
rand-m2,40,80,1,padded_shrink,ok,31,140,271,205,100,32,1411,1,,1,,,0.000978,0.009485,0.011687,3.0,37de2d824487
rand-m2,40,80,1,b2,ok,31,,2097152,,,,,,,,0,,,,0.229404,2.9,
rand-m2,40,80,1,b3,ok,31,,41,,,,,,,,,1,,,0.000131,2.6,
rand-m2,40,80,2,alg1,ok,32,36,68,109,0,33,68,1,1,1,,,0.000354,0.001845,0.002501,2.6,6bd37830d4ae
rand-m2,40,80,2,padded_shrink,ok,32,36,168,110,100,33,1348,1,,1,,,0.001278,0.001710,0.004207,2.7,6bd37830d4ae
rand-m2,40,80,2,b2,ok,32,,2097152,,,,,,,,0,,,,0.226934,2.9,
rand-m2,40,80,2,b3,ok,32,,41,,,,,,,,,1,,,0.000158,2.6,
rand-m2,40,80,3,alg1,ok,29,96,125,145,0,30,125,1,1,1,,,0.000527,0.005416,0.006308,2.7,22b0cfea5856
rand-m2,40,80,3,padded_shrink,ok,29,96,217,145,92,30,1285,1,,1,,,0.001398,0.004687,0.007874,2.8,22b0cfea5856
rand-m2,40,80,3,b2,ok,29,,2097152,,,,,,,,0,,,,0.230147,2.9,
rand-m2,40,80,3,b3,ok,29,,41,,,,,,,,,1,,,0.000116,2.6,
rand-m2,40,80,4,alg1,ok,34,480,514,584,0,35,514,1,1,1,,,0.001948,0.057783,0.060955,3.9,edce7ae408a5
rand-m2,40,80,4,padded_shrink,ok,34,480,642,584,128,35,1874,1,,1,,,0.003281,0.058442,0.063818,4.1,edce7ae408a5
rand-m2,40,80,4,b2,ok,34,,2097152,,,,,,,,0,,,,0.222238,2.9,
rand-m2,40,80,4,b3,ok,34,,41,,,,,,,,,1,,,0.000254,2.6,
rand-m2,40,80,5,alg1,ok,29,126,155,206,0,30,155,1,1,1,,,0.000548,0.004020,0.005093,2.7,32614da20efb
rand-m2,40,80,5,padded_shrink,ok,29,126,248,206,93,30,1315,1,,1,,,0.000700,0.003783,0.005303,2.8,32614da20efb
rand-m2,40,80,5,b2,ok,29,,2097152,,,,,,,,0,,,,0.220270,2.9,
rand-m2,40,80,5,b3,ok,29,,41,,,,,,,,,1,,,0.000121,2.6,
rand-m2,40,80,6,alg1,ok,29,30,59,83,0,30,59,1,1,1,,,0.000137,0.001364,0.001699,2.7,edf377838065
rand-m2,40,80,6,padded_shrink,ok,29,30,144,83,85,30,1219,1,,1,,,0.000796,0.001093,0.002414,2.7,edf377838065
rand-m2,40,80,6,b2,ok,29,,2097152,,,,,,,,0,,,,0.229800,2.9,
rand-m2,40,80,6,b3,ok,29,,41,,,,,,,,,1,,,0.000115,2.6,
rand-m2,40,80,7,alg1,ok,25,16,41,41,0,26,41,1,1,1,,,0.000386,0.000896,0.001487,2.6,89698a6b16f5
rand-m2,40,80,7,padded_shrink,ok,25,16,116,41,75,26,1041,1,,1,,,0.000429,0.000490,0.001876,2.6,89698a6b16f5
rand-m2,40,80,7,b2,ok,25,,2097152,,,,,,,,0,,,,0.223594,2.9,
rand-m2,40,80,7,b3,ok,25,,41,,,,,,,,,1,,,0.000100,2.6,
rand-m2,40,80,8,alg1,ok,29,39,68,79,0,30,68,1,1,1,,,0.000263,0.002520,0.003047,2.6,a7f5b43ada25
rand-m2,40,80,8,padded_shrink,ok,29,39,159,79,91,30,1228,1,,1,,,0.000600,0.002117,0.003806,2.7,a7f5b43ada25
rand-m2,40,80,8,b2,ok,29,,2097152,,,,,,,,0,,,,0.212113,2.9,
rand-m2,40,80,8,b3,ok,29,,41,,,,,,,,,1,,,0.000190,2.6,
rand-m2,40,80,9,alg1,ok,27,48,75,93,0,28,75,1,1,1,,,0.000177,0.000759,0.001103,2.6,ece71bf219c2
rand-m2,40,80,9,padded_shrink,ok,27,48,158,93,83,28,1155,1,,1,,,0.000846,0.000581,0.001890,2.7,ece71bf219c2
rand-m2,40,80,9,b2,ok,27,,2097152,,,,,,,,0,,,,0.223159,2.9,
rand-m2,40,80,9,b3,ok,27,,41,,,,,,,,,1,,,0.000168,2.6,
rand-m4,40,160,0,alg1,ok,33,8,41,45,0,34,41,1,1,1,,,0.000112,0.000644,0.000931,2.6,f1c8aeee18a4
rand-m4,40,160,0,padded_shrink,ok,33,8,128,45,87,34,1361,1,,1,,,0.000683,0.000608,0.002138,2.7,f1c8aeee18a4
rand-m4,40,160,0,b2,ok,33,,2097152,,,,,,,,0,,,,0.208361,2.9,
rand-m4,40,160,0,b3,ok,33,,41,,,,,,,,,1,,,0.000136,2.6,
rand-m4,40,160,1,alg1,ok,34,22,56,56,0,35,56,1,1,1,,,0.000156,0.000801,0.001166,2.6,734e5d2a5196
rand-m4,40,160,1,padded_shrink,ok,34,22,151,56,95,35,1416,1,,1,,,0.000682,0.000831,0.002766,2.7,734e5d2a5196
rand-m4,40,160,1,b2,ok,34,,2097152,,,,,,,,0,,,,0.218609,2.9,
rand-m4,40,160,1,b3,ok,34,,41,,,,,,,,,1,,,0.000116,2.6,
rand-m4,40,160,2,alg1,ok,34,2,36,36,0,35,36,1,1,1,,,0.000804,0.000724,0.001816,2.6,da098c08067d
rand-m4,40,160,2,padded_shrink,ok,34,2,117,36,81,35,1396,1,,1,,,0.001018,0.000676,0.002411,2.7,da098c08067d
rand-m4,40,160,2,b2,ok,34,,2097152,,,,,,,,0,,,,0.226304,2.9,
rand-m4,40,160,2,b3,ok,34,,41,,,,,,,,,1,,,0.000130,2.6,
rand-m4,40,160,3,alg1,ok,33,8,41,41,0,34,41,1,1,1,,,0.000150,0.001302,0.001634,2.6,a82720583a9d
rand-m4,40,160,3,padded_shrink,ok,33,8,124,41,83,34,1361,1,,1,,,0.000485,0.000486,0.001734,2.6,a82720583a9d
rand-m4,40,160,3,b2,ok,33,,2097152,,,,,,,,0,,,,0.208051,2.9,
rand-m4,40,160,3,b3,ok,33,,41,,,,,,,,,1,,,0.000103,2.6,
rand-m4,40,160,4,alg1,ok,31,10,41,43,0,32,41,1,1,1,,,0.000112,0.000810,0.001098,2.6,1a7b499e0c11
rand-m4,40,160,4,padded_shrink,ok,31,10,127,43,86,32,1281,1,,1,,,0.001044,0.000685,0.002393,2.7,1a7b499e0c11
rand-m4,40,160,4,b2,ok,31,,2097152,,,,,,,,0,,,,0.215507,2.9,
rand-m4,40,160,4,b3,ok,31,,41,,,,,,,,,1,,,0.000105,2.6,
rand-m4,40,160,5,alg1,ok,34,5,39,43,0,35,39,1,1,1,,,0.000101,0.000618,0.000892,2.6,eaac56f55d01
rand-m4,40,160,5,padded_shrink,ok,34,5,129,43,90,35,1399,1,,1,,,0.000485,0.000842,0.001835,2.7,eaac56f55d01
rand-m4,40,160,5,b2,ok,34,,2097152,,,,,,,,0,,,,0.245009,2.9,
rand-m4,40,160,5,b3,ok,34,,41,,,,,,,,,1,,,0.000112,2.6,
rand-m4,40,160,6,alg1,ok,42,14,56,65,0,43,56,1,1,1,,,0.000212,0.001852,0.002335,2.6,267625f06e9c
rand-m4,40,160,6,padded_shrink,ok,42,14,163,72,108,43,1736,1,,1,,,0.000718,0.002168,0.003631,2.7,267625f06e9c
rand-m4,40,160,6,b2,ok,42,,2097152,,,,,,,,0,,,,0.235066,2.9,
rand-m4,40,160,6,b3,ok,42,,41,,,,,,,,,1,,,0.000133,2.6,
rand-m4,40,160,7,alg1,ok,31,2,33,33,0,32,33,1,1,1,,,0.000087,0.000499,0.000752,2.6,17567e062bdd
rand-m4,40,160,7,padded_shrink,ok,31,2,105,33,72,32,1273,1,,1,,,0.000285,0.000422,0.001388,2.6,17567e062bdd
rand-m4,40,160,7,b2,ok,31,,2097152,,,,,,,,0,,,,0.222768,2.9,
rand-m4,40,160,7,b3,ok,31,,41,,,,,,,,,1,,,0.000158,2.6,
rand-m4,40,160,8,alg1,ok,34,2,36,36,0,35,36,1,1,1,,,0.000131,0.000873,0.001216,2.6,75fde1aea4dd
rand-m4,40,160,8,padded_shrink,ok,34,2,113,36,77,35,1396,1,,1,,,0.000834,0.000438,0.002237,2.6,75fde1aea4dd
rand-m4,40,160,8,b2,ok,34,,2097152,,,,,,,,0,,,,0.220359,2.9,
rand-m4,40,160,8,b3,ok,34,,41,,,,,,,,,1,,,0.000111,2.6,
rand-m4,40,160,9,alg1,ok,38,22,60,88,0,39,60,1,1,1,,,0.000259,0.002715,0.003287,2.6,91ef94471f96
rand-m4,40,160,9,padded_shrink,ok,38,22,170,88,110,39,1580,1,,1,,,0.000817,0.003043,0.005078,2.7,91ef94471f96
rand-m4,40,160,9,b2,ok,38,,2097152,,,,,,,,0,,,,0.242217,2.9,
rand-m4,40,160,9,b3,ok,38,,41,,,,,,,,,1,,,0.000123,2.6,
rand-m1,45,45,0,alg1,ok,27,612,639,708,0,28,639,1,1,1,,,0.002116,0.062525,0.066370,3.9,803c20716591
rand-m1,45,45,0,padded_shrink,ok,27,612,735,722,96,28,1854,1,,1,,,0.002162,0.094868,0.099340,4.5,803c20716591
rand-m1,45,45,0,b2,ok,27,,2097152,,,,,,,,0,,,,0.196584,2.8,
rand-m1,45,45,0,b3,ok,27,,46,,,,,,,,,1,,,0.000172,2.6,
rand-m1,45,45,1,alg1,ok,27,252,279,435,0,28,279,1,1,1,,,0.000761,0.011963,0.013342,2.9,5b08d27c2b32
rand-m1,45,45,1,padded_shrink,ok,27,252,371,287,92,28,1494,1,,1,,,0.001216,0.006870,0.009074,2.8,5b08d27c2b32
rand-m1,45,45,1,b2,ok,27,,2097152,,,,,,,,0,,,,0.196807,2.8,
rand-m1,45,45,1,b3,ok,27,,46,,,,,,,,,1,,,0.000164,2.6,
rand-m1,45,45,2,alg1,ok,26,3432,3458,3603,0,27,3458,1,1,1,,,0.011965,0.637123,0.657739,9.8,e09d0c55b775
rand-m1,45,45,2,padded_shrink,ok,26,3432,3560,3603,102,27,4628,1,,1,,,0.013329,0.643377,0.666111,9.5,e09d0c55b775
rand-m1,45,45,2,b2,ok,26,,2097152,,,,,,,,0,,,,0.199598,2.8,
rand-m1,45,45,2,b3,ok,26,,46,,,,,,,,,1,,,0.000169,2.6,
rand-m1,45,45,3,alg1,ok,29,6930,6959,6991,0,30,6959,1,1,1,,,0.025373,1.261161,1.309233,11.0,47a87b54ddfa
rand-m1,45,45,3,padded_shrink,ok,29,6930,7073,6991,114,30,8264,1,,1,,,0.026175,1.257730,1.308140,9.8,47a87b54ddfa
rand-m1,45,45,3,b2,ok,29,,2097152,,,,,,,,0,,,,0.198049,2.8,
rand-m1,45,45,3,b3,ok,29,,46,,,,,,,,,1,,,0.000187,2.6,
rand-m1,45,45,4,alg1,ok,21,24,45,45,0,22,45,1,1,1,,,0.000453,0.000692,0.001341,2.6,1b304b98504c
rand-m1,45,45,4,padded_shrink,ok,21,24,108,45,63,22,990,1,,1,,,0.000849,0.000322,0.001578,2.6,1b304b98504c
rand-m1,45,45,4,b2,ok,21,,2097152,,,,,,,,0,,,,0.213447,2.8,
rand-m1,45,45,4,b3,ok,21,,46,,,,,,,,,1,,,0.000111,2.6,
rand-m1,45,45,5,alg1,ok,25,192,217,217,0,26,217,1,1,1,,,0.000503,0.003332,0.004477,2.7,524c4f3a2a28
rand-m1,45,45,5,padded_shrink,ok,25,192,290,217,73,26,1342,1,,1,,,0.001030,0.002877,0.004768,2.8,524c4f3a2a28
rand-m1,45,45,5,b2,ok,25,,2097152,,,,,,,,0,,,,0.198981,2.8,
rand-m1,45,45,5,b3,ok,25,,46,,,,,,,,,1,,,0.000249,2.6,
rand-m1,45,45,6,alg1,ok,22,360,382,404,0,23,382,1,1,1,,,0.001145,0.007060,0.009133,2.9,3be9ca09d7e1
rand-m1,45,45,6,padded_shrink,ok,22,360,458,404,76,23,1372,1,,1,,,0.001232,0.007288,0.009811,2.9,3be9ca09d7e1
rand-m1,45,45,6,b2,ok,22,,2097152,,,,,,,,0,,,,0.186121,2.8,
rand-m1,45,45,6,b3,ok,22,,46,,,,,,,,,1,,,0.000125,2.6,
rand-m1,45,45,7,alg1,ok,24,648,672,940,0,25,672,1,1,1,,,0.001494,0.019875,0.022722,3.3,36e8eaf6d219
rand-m1,45,45,7,padded_shrink,ok,24,648,752,940,80,25,1752,1,,1,,,0.001843,0.018283,0.022408,3.4,36e8eaf6d219
rand-m1,45,45,7,b2,ok,24,,2097152,,,,,,,,0,,,,0.191901,2.8,
rand-m1,45,45,7,b3,ok,24,,46,,,,,,,,,1,,,0.000132,2.6,
rand-m1,45,45,8,alg1,ok,26,252,278,330,0,27,278,1,1,1,,,0.000685,0.009443,0.010714,3.0,4853cfe822ad
rand-m1,45,45,8,padded_shrink,ok,26,252,365,330,87,27,1448,1,,1,,,0.001272,0.007973,0.010575,3.2,4853cfe822ad
rand-m1,45,45,8,b2,ok,26,,2097152,,,,,,,,0,,,,0.215850,2.9,
rand-m1,45,45,8,b3,ok,26,,46,,,,,,,,,1,,,0.000146,2.6,
rand-m1,45,45,9,alg1,ok,25,781,806,826,0,26,806,1,1,1,,,0.002205,0.032472,0.036226,3.6,5315120c3940
rand-m1,45,45,9,padded_shrink,ok,25,781,903,826,97,26,1931,1,,1,,,0.002613,0.037227,0.041815,3.6,5315120c3940
rand-m1,45,45,9,b2,ok,25,,2097152,,,,,,,,0,,,,0.204260,2.8,
rand-m1,45,45,9,b3,ok,25,,46,,,,,,,,,1,,,0.000158,2.6,
rand-m2,45,90,0,alg1,ok,30,48,78,78,0,31,78,1,1,1,,,0.000228,0.001931,0.002386,2.6,fd46b4022c35
rand-m2,45,90,0,padded_shrink,ok,30,48,166,78,88,31,1428,1,,1,,,0.000831,0.000989,0.002510,2.7,fd46b4022c35
rand-m2,45,90,0,b2,ok,30,,2097152,,,,,,,,0,,,,0.204950,2.8,
rand-m2,45,90,0,b3,ok,30,,46,,,,,,,,,1,,,0.000154,2.6,
rand-m2,45,90,1,alg1,ok,29,20,49,61,0,30,49,1,1,1,,,0.000139,0.000921,0.001286,2.6,5bafa0240eb6
rand-m2,45,90,1,padded_shrink,ok,29,20,134,61,85,30,1354,1,,1,,,0.000386,0.000802,0.001762,2.6,5bafa0240eb6
rand-m2,45,90,1,b2,ok,29,,2097152,,,,,,,,0,,,,0.235526,2.8,
rand-m2,45,90,1,b3,ok,29,,46,,,,,,,,,1,,,0.000125,2.6,
rand-m2,45,90,2,alg1,ok,37,500,537,616,0,38,537,1,1,1,,,0.002105,0.046557,0.049759,3.8,4975a84e261f
rand-m2,45,90,2,padded_shrink,ok,37,500,657,660,120,38,2202,1,,1,,,0.002837,0.030743,0.035976,3.7,4975a84e261f
rand-m2,45,90,2,b2,ok,37,,2097152,,,,,,,,0,,,,0.195075,2.8,
rand-m2,45,90,2,b3,ok,37,,46,,,,,,,,,1,,,0.000172,2.6,
rand-m2,45,90,3,alg1,ok,32,46,78,85,0,33,78,1,1,1,,,0.000332,0.001510,0.002074,2.6,252c65d3ce36
rand-m2,45,90,3,padded_shrink,ok,32,46,177,85,99,33,1518,1,,1,,,0.000729,0.001173,0.002642,2.7,252c65d3ce36
rand-m2,45,90,3,b2,ok,32,,2097152,,,,,,,,0,,,,0.223289,2.8,
rand-m2,45,90,3,b3,ok,32,,46,,,,,,,,,1,,,0.000259,2.6,
rand-m2,45,90,4,alg1,ok,34,72,106,111,0,35,106,1,1,1,,,0.000328,0.002117,0.002692,2.7,d7ccf081a5ca
rand-m2,45,90,4,padded_shrink,ok,34,72,207,111,101,35,1636,1,,1,,,0.001027,0.001546,0.003334,2.7,d7ccf081a5ca
rand-m2,45,90,4,b2,ok,34,,2097152,,,,,,,,0,,,,0.201927,2.8,
rand-m2,45,90,4,b3,ok,34,,46,,,,,,,,,1,,,0.000229,2.6,
rand-m2,45,90,5,alg1,ok,37,304,341,493,0,38,341,1,1,1,,,0.001316,0.031848,0.034331,3.3,b5ee617035a4
rand-m2,45,90,5,padded_shrink,ok,37,304,461,493,120,38,2006,1,,1,,,0.002081,0.030207,0.034107,3.4,b5ee617035a4
rand-m2,45,90,5,b2,ok,37,,2097152,,,,,,,,0,,,,0.193224,2.8,
rand-m2,45,90,5,b3,ok,37,,46,,,,,,,,,1,,,0.000271,2.6,
rand-m2,45,90,6,alg1,ok,34,36,70,76,0,35,70,1,1,1,,,0.000308,0.001662,0.002194,2.6,eb752910f57f
rand-m2,45,90,6,padded_shrink,ok,34,36,171,78,101,35,1600,1,,1,,,0.000807,0.001240,0.002772,2.7,eb752910f57f
rand-m2,45,90,6,b2,ok,34,,2097152,,,,,,,,0,,,,0.216430,2.8,
rand-m2,45,90,6,b3,ok,34,,46,,,,,,,,,1,,,0.000245,2.6,
rand-m2,45,90,7,alg1,ok,38,168,206,258,0,39,206,1,1,1,,,0.001089,0.019904,0.021716,3.1,93530233f836
rand-m2,45,90,7,padded_shrink,ok,38,168,325,258,119,39,1916,1,,1,,,0.001582,0.015754,0.019062,3.1,93530233f836
rand-m2,45,90,7,b2,ok,38,,2097152,,,,,,,,0,,,,0.214128,2.8,
rand-m2,45,90,7,b3,ok,38,,46,,,,,,,,,1,,,0.000169,2.6,
rand-m2,45,90,8,alg1,ok,35,440,475,549,0,36,475,1,1,1,,,0.002038,0.068680,0.072491,3.8,a671d5edea40
rand-m2,45,90,8,padded_shrink,ok,35,440,592,549,117,36,2050,1,,1,,,0.002091,0.062101,0.066055,3.7,a671d5edea40
rand-m2,45,90,8,b2,ok,35,,2097152,,,,,,,,0,,,,0.241872,2.8,
rand-m2,45,90,8,b3,ok,35,,46,,,,,,,,,1,,,0.000179,2.6,
rand-m2,45,90,9,alg1,ok,40,1852,1892,2395,0,41,1892,1,1,1,,,0.008329,1.925492,1.939156,7.6,5a0c425aee23
rand-m2,45,90,9,padded_shrink,ok,40,1852,2042,2395,150,41,3692,1,,1,,,0.011880,1.904837,1.924901,7.7,5a0c425aee23
rand-m2,45,90,9,b2,ok,40,,2097152,,,,,,,,0,,,,0.214906,2.9,
rand-m2,45,90,9,b3,ok,40,,46,,,,,,,,,1,,,0.000210,2.6,
rand-m4,45,180,0,alg1,ok,38,4,42,42,0,39,42,1,1,1,,,0.000172,0.000532,0.001021,2.6,de7463d2e7ef
rand-m4,45,180,0,padded_shrink,ok,38,4,134,42,92,39,1752,1,,1,,,0.000509,0.000438,0.001825,2.7,de7463d2e7ef
rand-m4,45,180,0,b2,ok,38,,2097152,,,,,,,,0,,,,0.214901,2.8,
rand-m4,45,180,0,b3,ok,38,,46,,,,,,,,,1,,,0.000141,2.6,
rand-m4,45,180,1,alg1,ok,36,14,50,50,0,37,50,1,1,1,,,0.000412,0.000697,0.001313,2.6,fad081553beb
rand-m4,45,180,1,padded_shrink,ok,36,14,144,50,94,37,1670,1,,1,,,0.000700,0.000570,0.001963,2.7,fad081553beb
rand-m4,45,180,1,b2,ok,36,,2097152,,,,,,,,0,,,,0.199852,2.8,
rand-m4,45,180,1,b3,ok,36,,46,,,,,,,,,1,,,0.000145,2.6,
rand-m4,45,180,2,alg1,ok,36,3,39,39,0,37,39,1,1,1,,,0.000106,0.000930,0.001224,2.6,52ac23fb8794
rand-m4,45,180,2,padded_shrink,ok,36,3,124,39,85,37,1659,1,,1,,,0.000754,0.000396,0.001640,2.6,52ac23fb8794
rand-m4,45,180,2,b2,ok,36,,2097152,,,,,,,,0,,,,0.206406,2.8,
rand-m4,45,180,2,b3,ok,36,,46,,,,,,,,,1,,,0.000138,2.6,
rand-m4,45,180,3,alg1,ok,39,22,61,73,0,40,61,1,1,1,,,0.000415,0.001554,0.002830,2.6,a03fd4d9ed90
rand-m4,45,180,3,padded_shrink,ok,39,22,167,61,106,40,1816,1,,1,,,0.001003,0.001101,0.002864,2.7,a03fd4d9ed90
rand-m4,45,180,3,b2,ok,39,,2097152,,,,,,,,0,,,,0.215055,2.8,
rand-m4,45,180,3,b3,ok,39,,46,,,,,,,,,1,,,0.000150,2.6,
rand-m4,45,180,4,alg1,ok,46,54,100,256,0,47,100,1,1,1,,,0.000397,0.005564,0.006730,2.7,31d3be60f8db
rand-m4,45,180,4,padded_shrink,ok,46,54,236,166,136,47,2170,1,,1,,,0.001096,0.006905,0.009105,2.8,31d3be60f8db
rand-m4,45,180,4,b2,ok,46,,2097152,,,,,,,,0,,,,0.223857,2.8,
rand-m4,45,180,4,b3,ok,46,,46,,,,,,,,,1,,,0.000189,2.6,
rand-m4,45,180,5,alg1,ok,45,361,406,458,0,46,406,1,1,1,,,0.002149,0.080778,0.083956,3.7,4575c86413c5
rand-m4,45,180,5,padded_shrink,ok,45,361,556,458,150,46,2431,1,,1,,,0.003133,0.084940,0.090253,4.0,4575c86413c5
rand-m4,45,180,5,b2,ok,45,,2097152,,,,,,,,0,,,,0.221182,2.9,
rand-m4,45,180,5,b3,ok,45,,46,,,,,,,,,1,,,0.000182,2.6,
rand-m4,45,180,6,alg1,ok,38,2,40,40,0,39,40,1,1,1,,,0.000157,0.000519,0.001194,2.6,aae4ab71bd00
rand-m4,45,180,6,padded_shrink,ok,38,2,126,40,86,39,1750,1,,1,,,0.000370,0.000522,0.001528,2.7,aae4ab71bd00
rand-m4,45,180,6,b2,ok,38,,2097152,,,,,,,,0,,,,0.215843,2.8,
rand-m4,45,180,6,b3,ok,38,,46,,,,,,,,,1,,,0.000450,2.6,
rand-m4,45,180,7,alg1,ok,36,16,52,52,0,37,52,1,1,1,,,0.000233,0.000627,0.001095,2.6,7ae0e024d986
rand-m4,45,180,7,padded_shrink,ok,36,16,138,52,86,37,1672,1,,1,,,0.000418,0.000407,0.001572,2.7,7ae0e024d986
rand-m4,45,180,7,b2,ok,36,,2097152,,,,,,,,0,,,,0.194436,2.8,
rand-m4,45,180,7,b3,ok,36,,46,,,,,,,,,1,,,0.000136,2.6,
rand-m4,45,180,8,alg1,ok,37,3,40,41,0,38,40,1,1,1,,,0.000095,0.000905,0.001222,2.6,fb0bd7f4628e
rand-m4,45,180,8,padded_shrink,ok,37,3,133,41,93,38,1705,1,,1,,,0.000438,0.000577,0.001579,2.7,fb0bd7f4628e
rand-m4,45,180,8,b2,ok,37,,2097152,,,,,,,,0,,,,0.211540,2.8,
rand-m4,45,180,8,b3,ok,37,,46,,,,,,,,,1,,,0.000135,2.6,
rand-m4,45,180,9,alg1,ok,45,47,92,101,0,46,92,1,1,1,,,0.000943,0.005489,0.006926,2.7,a035477e45ab
rand-m4,45,180,9,padded_shrink,ok,45,47,217,101,125,46,2117,1,,1,,,0.000940,0.004396,0.006834,2.8,a035477e45ab
rand-m4,45,180,9,b2,ok,45,,2097152,,,,,,,,0,,,,0.218744,2.9,
rand-m4,45,180,9,b3,ok,45,,46,,,,,,,,,1,,,0.000318,2.6,
rand-m1,50,50,0,alg1,ok,30,342,372,385,0,31,372,1,1,1,,,0.001090,0.052229,0.053978,3.5,db1459d6efc7
rand-m1,50,50,0,padded_shrink,ok,30,342,474,385,102,31,1872,1,,1,,,0.001540,0.052219,0.055263,3.9,db1459d6efc7
rand-m1,50,50,0,b2,ok,30,,2097152,,,,,,,,0,,,,0.171383,2.8,
rand-m1,50,50,0,b3,ok,30,,51,,,,,,,,,1,,,0.000179,2.6,
rand-m1,50,50,1,alg1,ok,28,1368,1396,1522,0,29,1396,1,1,1,,,0.004218,0.093359,0.100054,4.9,b98c35799a1f
rand-m1,50,50,1,padded_shrink,ok,28,1368,1495,1522,99,29,2796,1,,1,,,0.005203,0.107732,0.116434,5.9,b98c35799a1f
rand-m1,50,50,1,b2,ok,28,,2097152,,,,,,,,0,,,,0.180245,2.8,
rand-m1,50,50,1,b3,ok,28,,51,,,,,,,,,1,,,0.000297,2.6,
rand-m1,50,50,2,alg1,ok,32,2208,2240,2890,0,33,2240,1,1,1,,,0.007491,0.488944,0.501438,6.5,8b3a996f640f
rand-m1,50,50,2,padded_shrink,ok,32,2208,2360,2890,120,33,3840,1,,1,,,0.009449,0.497180,0.513590,6.8,8b3a996f640f
rand-m1,50,50,2,b2,ok,32,,2097152,,,,,,,,0,,,,0.173137,2.8,
rand-m1,50,50,2,b3,ok,32,,51,,,,,,,,,1,,,0.000227,2.6,
rand-m1,50,50,3,alg1,ok,26,1782,1808,1808,0,27,1808,1,1,1,,,0.004603,0.059983,0.068123,4.8,db31d3b31ea9
rand-m1,50,50,3,padded_shrink,ok,26,1782,1902,1808,94,27,3108,1,,1,,,0.005265,0.063444,0.073028,4.4,db31d3b31ea9
rand-m1,50,50,3,b2,ok,26,,2097152,,,,,,,,0,,,,0.185094,2.8,
rand-m1,50,50,3,b3,ok,26,,51,,,,,,,,,1,,,0.000179,2.6,
rand-m1,50,50,4,alg1,ok,26,1176,1202,1210,0,27,1202,1,1,1,,,0.003248,0.058190,0.064631,4.1,5d521538ae85
rand-m1,50,50,4,padded_shrink,ok,26,1176,1294,1210,92,27,2502,1,,1,,,0.003757,0.061792,0.069381,4.0,5d521538ae85
rand-m1,50,50,4,b2,ok,26,,2097152,,,,,,,,0,,,,0.174315,2.8,
rand-m1,50,50,4,b3,ok,26,,51,,,,,,,,,1,,,0.000167,2.6,
rand-m1,50,50,5,alg1,ok,24,144,168,177,0,25,168,1,1,1,,,0.000380,0.001498,0.002179,2.7,09e51b4090c2
rand-m1,50,50,5,padded_shrink,ok,24,144,243,177,75,25,1368,1,,1,,,0.000672,0.001469,0.002888,2.7,09e51b4090c2
rand-m1,50,50,5,b2,ok,24,,2097152,,,,,,,,0,,,,0.179010,2.8,
rand-m1,50,50,5,b3,ok,24,,51,,,,,,,,,1,,,0.000153,2.6,
rand-m1,50,50,6,alg1,ok,30,2928,2958,3132,0,31,2958,1,1,1,,,0.009269,0.754923,0.770215,7.5,04aad332df7a
rand-m1,50,50,6,padded_shrink,ok,30,2928,3068,3132,110,31,4458,1,,1,,,0.010764,0.834837,0.852563,7.3,04aad332df7a
rand-m1,50,50,6,b2,ok,30,,2097152,,,,,,,,0,,,,0.190593,2.8,
rand-m1,50,50,6,b3,ok,30,,51,,,,,,,,,1,,,0.000204,2.6,
rand-m1,50,50,7,alg1,ok,30,416,446,568,0,31,446,1,1,1,,,0.001327,0.064968,0.067253,3.6,4da81bab4073
rand-m1,50,50,7,padded_shrink,ok,30,416,544,569,98,31,1946,1,,1,,,0.001738,0.059157,0.062599,3.7,4da81bab4073
rand-m1,50,50,7,b2,ok,30,,2097152,,,,,,,,0,,,,0.180441,2.8,
rand-m1,50,50,7,b3,ok,30,,51,,,,,,,,,1,,,0.000215,2.6,
rand-m1,50,50,8,alg1,ok,25,192,217,425,0,26,217,1,1,1,,,0.000535,0.013061,0.014079,3.0,5018d1cb21ee
rand-m1,50,50,8,padded_shrink,ok,25,192,300,425,83,26,1467,1,,1,,,0.000940,0.012339,0.014328,3.0,5018d1cb21ee
rand-m1,50,50,8,b2,ok,25,,2097152,,,,,,,,0,,,,0.180088,2.8,
rand-m1,50,50,8,b3,ok,25,,51,,,,,,,,,1,,,0.000148,2.6,
rand-m1,50,50,9,alg1,ok,26,228,254,315,0,27,254,1,1,1,,,0.000748,0.006661,0.007932,2.9,c0f5bbe58cfb
rand-m1,50,50,9,padded_shrink,ok,26,228,341,315,87,27,1554,1,,1,,,0.000982,0.006517,0.008555,3.0,c0f5bbe58cfb
rand-m1,50,50,9,b2,ok,26,,2097152,,,,,,,,0,,,,0.171010,2.8,
rand-m1,50,50,9,b3,ok,26,,51,,,,,,,,,1,,,0.000171,2.6,
rand-m2,50,100,0,alg1,ok,33,28,61,63,0,34,61,1,1,1,,,0.000192,0.001716,0.002350,2.6,8d66168b6544
rand-m2,50,100,0,padded_shrink,ok,33,28,153,63,92,34,1711,1,,1,,,0.000507,0.001685,0.002798,2.7,8d66168b6544
rand-m2,50,100,0,b2,ok,33,,2097152,,,,,,,,0,,,,0.180497,2.8,
rand-m2,50,100,0,b3,ok,33,,51,,,,,,,,,1,,,0.000163,2.6,
rand-m2,50,100,1,alg1,ok,41,208,249,288,0,42,249,1,1,1,,,0.000997,0.029658,0.031475,3.2,a64a8477be1a
rand-m2,50,100,1,padded_shrink,ok,41,208,379,370,130,42,2299,1,,1,,,0.001688,0.059623,0.063075,3.8,a64a8477be1a
rand-m2,50,100,1,b2,ok,41,,2097152,,,,,,,,0,,,,0.186233,2.8,
rand-m2,50,100,1,b3,ok,41,,51,,,,,,,,,1,,,0.000209,2.6,
rand-m2,50,100,2,alg1,ok,40,464,504,672,0,41,504,1,1,1,,,0.002336,0.098639,0.102506,3.9,864abe70ba37
rand-m2,50,100,2,padded_shrink,ok,40,464,636,734,132,41,2504,1,,1,,,0.004018,0.147385,0.153878,4.8,864abe70ba37
rand-m2,50,100,2,b2,ok,40,,2097152,,,,,,,,0,,,,0.183641,2.8,
rand-m2,50,100,2,b3,ok,40,,51,,,,,,,,,1,,,0.000322,2.6,
rand-m2,50,100,3,alg1,ok,40,311,351,680,0,41,351,1,1,1,,,0.001724,0.090475,0.093409,3.8,5859320490d0
rand-m2,50,100,3,padded_shrink,ok,40,311,484,680,133,41,2351,1,,1,,,0.002112,0.092896,0.096848,4.2,5859320490d0
rand-m2,50,100,3,b2,ok,40,,2097152,,,,,,,,0,,,,0.189130,2.8,
rand-m2,50,100,3,b3,ok,40,,51,,,,,,,,,1,,,0.000215,2.6,
rand-m2,50,100,4,alg1,ok,36,66,102,114,0,37,102,1,1,1,,,0.000390,0.001918,0.003139,2.7,ed5f687f4b94
rand-m2,50,100,4,padded_shrink,ok,36,66,207,192,105,37,1902,1,,1,,,0.001039,0.002775,0.004806,2.8,ed5f687f4b94
rand-m2,50,100,4,b2,ok,36,,2097152,,,,,,,,0,,,,0.175206,2.8,
rand-m2,50,100,4,b3,ok,36,,51,,,,,,,,,1,,,0.000181,2.6,
rand-m2,50,100,5,alg1,ok,38,92,130,144,0,39,130,1,1,1,,,0.000527,0.007982,0.009196,2.8,886344e5ee51
rand-m2,50,100,5,padded_shrink,ok,38,92,252,144,122,39,2030,1,,1,,,0.001679,0.007995,0.010778,2.8,886344e5ee51
rand-m2,50,100,5,b2,ok,38,,2097152,,,,,,,,0,,,,0.168912,2.8,
rand-m2,50,100,5,b3,ok,38,,51,,,,,,,,,1,,,0.000202,2.6,
rand-m2,50,100,6,alg1,ok,37,234,271,430,0,38,271,1,1,1,,,0.000962,0.012929,0.014697,3.1,0d4a1ed71364
rand-m2,50,100,6,padded_shrink,ok,37,234,389,432,118,38,2121,1,,1,,,0.001778,0.016697,0.020254,3.3,0d4a1ed71364
rand-m2,50,100,6,b2,ok,37,,2097152,,,,,,,,0,,,,0.174609,2.8,
rand-m2,50,100,6,b3,ok,37,,51,,,,,,,,,1,,,0.000209,2.6,
rand-m2,50,100,7,alg1,ok,39,84,123,149,0,40,123,1,1,1,,,0.000423,0.005881,0.006657,2.8,b922dd8756b2
rand-m4,25,100,1,padded,timeout,,,,,,,,,,,,,,,600.000000,,
rand-m2,50,100,7,padded_shrink,ok,39,84,244,161,121,40,2073,1,,1,,,0.001011,0.005779,0.007691,2.9,b922dd8756b2
rand-m2,50,100,7,b3,ok,39,,51,,,,,,,,,1,,,0.000202,2.6,
rand-m2,50,100,7,b2,ok,39,,2097152,,,,,,,,0,,,,0.163937,2.8,
rand-m2,50,100,8,alg1,ok,38,1652,1690,2154,0,39,1690,1,1,1,,,0.007241,0.796861,0.809009,7.6,e20257d5cf44
rand-m2,50,100,8,padded_shrink,ok,38,1652,1824,2094,134,39,3590,1,,1,,,0.007432,0.701128,0.714004,7.5,e20257d5cf44
rand-m2,50,100,8,b3,ok,38,,51,,,,,,,,,1,,,0.000364,2.6,
rand-m2,50,100,9,alg1,ok,39,93,132,158,0,40,132,1,1,1,,,0.000468,0.004680,0.005902,2.8,4fa2fd5986eb
rand-m2,50,100,9,padded_shrink,ok,39,93,248,160,116,40,2082,1,,1,,,0.000975,0.005854,0.008135,2.9,4fa2fd5986eb
rand-m2,50,100,8,b2,ok,38,,2097152,,,,,,,,0,,,,0.173381,2.8,
rand-m2,50,100,9,b3,ok,39,,51,,,,,,,,,1,,,0.000392,2.6,
rand-m4,50,200,0,alg1,ok,43,6,49,57,0,44,49,1,1,1,,,0.000128,0.001014,0.001384,2.6,83145ba693f3
rand-m4,50,200,0,padded_shrink,ok,43,6,153,57,104,44,2199,1,,1,,,0.000573,0.000869,0.002375,2.7,83145ba693f3
rand-m2,50,100,9,b2,ok,39,,2097152,,,,,,,,0,,,,0.171504,2.8,
rand-m4,50,200,0,b3,ok,43,,51,,,,,,,,,1,,,0.000190,2.6,
rand-m4,50,200,1,alg1,ok,40,2,42,42,0,41,42,1,1,1,,,0.000095,0.000905,0.001217,2.6,960076b1e05d
rand-m4,50,200,1,padded_shrink,ok,40,2,131,42,89,41,2042,1,,1,,,0.000511,0.000564,0.001690,2.7,960076b1e05d
rand-m4,50,200,0,b2,ok,43,,2097152,,,,,,,,0,,,,0.166044,2.8,
rand-m4,50,200,1,b3,ok,40,,51,,,,,,,,,1,,,0.000172,2.6,
rand-m4,50,200,2,alg1,ok,42,6,48,48,0,43,48,1,1,1,,,0.000124,0.000840,0.001239,2.6,6cfb15bb3d61
rand-m4,50,200,2,padded_shrink,ok,42,6,151,48,103,43,2148,1,,1,,,0.000596,0.000654,0.001982,2.7,6cfb15bb3d61
rand-m4,50,200,1,b2,ok,40,,2097152,,,,,,,,0,,,,0.166471,2.8,
rand-m4,50,200,2,b3,ok,42,,51,,,,,,,,,1,,,0.000440,2.6,
rand-m4,50,200,3,alg1,ok,39,4,43,43,0,40,43,1,1,1,,,0.000151,0.000884,0.001232,2.6,11b99303eb16
rand-m4,50,200,3,padded_shrink,ok,39,4,135,43,92,40,1993,1,,1,,,0.000454,0.000674,0.001708,2.7,11b99303eb16
rand-m4,50,200,2,b2,ok,42,,2097152,,,,,,,,0,,,,0.166049,2.8,
rand-m4,50,200,3,b3,ok,39,,51,,,,,,,,,1,,,0.000178,2.6,
rand-m4,50,200,4,alg1,ok,41,4,45,47,0,42,45,1,1,1,,,0.000112,0.000863,0.001244,2.6,aa513d87b171
rand-m4,50,200,4,padded_shrink,ok,41,4,142,48,97,42,2095,1,,1,,,0.000514,0.000634,0.001817,2.7,aa513d87b171
rand-m4,50,200,3,b2,ok,39,,2097152,,,,,,,,0,,,,0.171137,2.8,
rand-m4,50,200,4,b3,ok,41,,51,,,,,,,,,1,,,0.000174,2.6,
rand-m4,50,200,5,alg1,ok,42,80,122,136,0,43,122,1,1,1,,,0.000460,0.002057,0.002870,2.7,b1b1d6897629
rand-m4,50,200,5,padded_shrink,ok,42,80,229,137,107,43,2222,1,,1,,,0.001134,0.001999,0.004398,2.8,b1b1d6897629
rand-m4,50,200,4,b2,ok,41,,2097152,,,,,,,,0,,,,0.171173,2.8,
rand-m4,50,200,5,b3,ok,42,,51,,,,,,,,,1,,,0.000213,2.6,
rand-m4,50,200,6,alg1,ok,43,36,79,120,0,44,79,1,1,1,,,0.000260,0.002195,0.002818,2.7,124e2711512d
rand-m4,50,200,6,padded_shrink,ok,43,36,199,152,120,44,2229,1,,1,,,0.000977,0.002929,0.005122,2.8,124e2711512d
rand-m4,50,200,5,b2,ok,42,,2097152,,,,,,,,0,,,,0.171794,2.8,
rand-m4,50,200,6,b3,ok,43,,51,,,,,,,,,1,,,0.000435,2.6,
rand-m4,50,200,7,alg1,ok,46,12,58,60,0,47,58,1,1,1,,,0.000201,0.001344,0.001821,2.6,ec701e9c7dbf
rand-m4,50,200,7,padded_shrink,ok,46,12,167,60,109,47,2358,1,,1,,,0.001158,0.001195,0.003511,2.7,ec701e9c7dbf
rand-m4,50,200,6,b2,ok,43,,2097152,,,,,,,,0,,,,0.173399,2.8,
rand-m4,50,200,7,b3,ok,46,,51,,,,,,,,,1,,,0.000186,2.6,
rand-m4,50,200,8,alg1,ok,43,2,45,45,0,44,45,1,1,1,,,0.000149,0.000897,0.001290,2.6,ae17260822c4
rand-m4,50,200,8,padded_shrink,ok,43,2,146,45,101,44,2195,1,,1,,,0.000491,0.000698,0.001890,2.7,ae17260822c4
rand-m4,50,200,7,b2,ok,46,,2097152,,,,,,,,0,,,,0.166212,2.8,
rand-m4,50,200,8,b3,ok,43,,51,,,,,,,,,1,,,0.000188,2.6,
rand-m4,50,200,9,alg1,ok,45,18,63,66,0,46,63,1,1,1,,,0.000285,0.001543,0.002094,2.6,655e133e4a32
rand-m4,50,200,9,padded_shrink,ok,45,18,182,72,119,46,2313,1,,1,,,0.000757,0.001637,0.003271,2.7,655e133e4a32
rand-m4,50,200,8,b2,ok,43,,2097152,,,,,,,,0,,,,0.171518,2.8,
rand-m4,50,200,9,b3,ok,45,,51,,,,,,,,,1,,,0.000196,2.6,
rand-m1,55,55,0,alg1,ok,31,108,139,143,0,32,139,1,1,1,,,0.000444,0.002285,0.002984,2.7,a207d847f913
rand-m1,55,55,0,padded_shrink,ok,31,108,235,143,96,32,1844,1,,1,,,0.001049,0.001885,0.003833,2.7,a207d847f913
rand-m4,50,200,9,b2,ok,45,,2097152,,,,,,,,0,,,,0.173292,2.8,
rand-m1,55,55,0,b3,ok,31,,56,,,,,,,,,1,,,0.000203,2.6,
rand-m1,55,55,1,alg1,ok,33,150,183,185,0,34,183,1,1,1,,,0.000591,0.015255,0.016385,3.0,c01556c59c5e
rand-m1,55,55,1,padded_shrink,ok,33,150,294,185,111,34,1998,1,,1,,,0.001157,0.015800,0.018260,3.0,c01556c59c5e
rand-m1,55,55,0,b2,ok,31,,2097152,,,,,,,,0,,,,0.168378,2.8,
rand-m1,55,55,1,b3,ok,33,,56,,,,,,,,,1,,,0.000248,2.6,
rand-m1,55,55,1,b2,ok,33,,2097152,,,,,,,,0,,,,0.167973,2.8,
rand-m1,55,55,2,alg1,ok,39,14268,14307,14905,0,40,14307,1,1,1,,,0.064096,17.803009,17.908252,44.8,df7f7a696aaa
rand-m1,55,55,2,padded_shrink,ok,39,14268,14456,14905,149,40,16452,1,,1,,,0.064073,17.755448,17.860516,48.4,df7f7a696aaa
rand-m1,55,55,2,b3,ok,39,,56,,,,,,,,,1,,,0.000388,2.6,
rand-m1,55,55,2,b2,ok,39,,2097152,,,,,,,,0,,,,0.167209,2.8,
rand-m1,55,55,3,padded_shrink,ok,34,12672,12842,12820,136,35,14576,1,,1,,,0.059593,22.206705,22.306188,40.5,edabb2b52cbf
rand-m1,55,55,3,alg1,ok,34,12672,12706,12820,0,35,12706,1,1,1,,,0.053572,22.331511,22.420518,44.8,edabb2b52cbf
rand-m1,55,55,3,b3,ok,34,,56,,,,,,,,,1,,,0.000281,2.6,
rand-m1,55,55,3,b2,ok,34,,2097152,,,,,,,,0,,,,0.177474,2.8,
rand-m1,55,55,4,alg1,ok,30,1872,1902,2213,0,31,1902,1,1,1,,,0.005665,0.390711,0.401541,5.7,48fc5889f8c7
rand-m1,55,55,4,padded_shrink,ok,30,1872,2008,2213,106,31,3552,1,,1,,,0.006047,0.387193,0.398948,6.0,48fc5889f8c7
rand-m1,55,55,4,b3,ok,30,,56,,,,,,,,,1,,,0.000234,2.6,
rand-m1,55,55,4,b2,ok,30,,2097152,,,,,,,,0,,,,0.181202,2.8,
rand-m1,55,55,5,padded_shrink,ok,38,29886,30074,36386,150,39,32014,1,,1,,,0.156442,185.881764,186.152323,89.9,543199366b40
rand-m1,55,55,5,b2,ok,38,,2097152,,,,,,,,0,,,,0.189543,2.9,
rand-m1,55,55,5,b3,ok,38,,56,,,,,,,,,1,,,0.000490,2.7,
rand-m1,55,55,6,alg1,ok,31,774,805,847,0,32,805,1,1,1,,,0.002861,0.020967,0.026660,3.7,faac98ce8291
rand-m1,55,55,5,alg1,ok,38,29886,29924,36386,0,39,29924,1,1,1,,,0.153178,186.160712,186.426458,91.0,543199366b40
rand-m1,55,55,6,padded_shrink,ok,31,774,913,847,108,32,2510,1,,1,,,0.003583,0.020849,0.027976,3.6,faac98ce8291
rand-m1,55,55,6,b3,ok,31,,56,,,,,,,,,1,,,0.000227,2.7,
rand-m1,55,55,7,alg1,ok,33,402,435,443,0,34,435,1,1,1,,,0.002167,0.034556,0.038082,3.5,37de6ca6bc2a
rand-m1,55,55,7,padded_shrink,ok,33,402,549,443,114,34,2250,1,,1,,,0.002370,0.042195,0.047353,3.5,37de6ca6bc2a
rand-m1,55,55,6,b2,ok,31,,2097152,,,,,,,,0,,,,0.198090,2.9,
rand-m1,55,55,7,b3,ok,33,,56,,,,,,,,,1,,,0.000242,2.7,
rand-m1,55,55,7,b2,ok,33,,2097152,,,,,,,,0,,,,0.206711,2.9,
rand-m1,55,55,8,alg1,ok,33,594,627,698,0,34,627,1,1,1,,,0.002528,0.134979,0.139291,4.3,1139c02dd774
rand-m1,55,55,8,padded_shrink,ok,33,594,747,698,120,34,2442,1,,1,,,0.003861,0.140186,0.146735,4.3,1139c02dd774
rand-m1,55,55,8,b3,ok,33,,56,,,,,,,,,1,,,0.000230,2.7,
rand-m1,55,55,9,alg1,ok,27,432,459,579,0,28,459,1,1,1,,,0.001297,0.023983,0.026223,3.3,bb8cfde1ff62
rand-m1,55,55,9,padded_shrink,ok,27,432,547,579,88,28,1944,1,,1,,,0.001866,0.025294,0.029194,3.4,bb8cfde1ff62
rand-m1,55,55,8,b2,ok,33,,2097152,,,,,,,,0,,,,0.195075,2.9,
rand-m1,55,55,9,b3,ok,27,,56,,,,,,,,,1,,,0.000207,2.7,
rand-m2,55,110,0,alg1,ok,36,60,96,136,0,37,96,1,1,1,,,0.000394,0.001924,0.002607,2.7,c8828b63f619
rand-m2,55,110,0,padded_shrink,ok,36,60,202,136,106,37,2076,1,,1,,,0.001227,0.002317,0.004712,2.8,c8828b63f619
rand-m1,55,55,9,b2,ok,27,,2097152,,,,,,,,0,,,,0.197929,2.9,
rand-m2,55,110,0,b3,ok,36,,56,,,,,,,,,1,,,0.000234,2.7,
rand-m2,55,110,0,b2,ok,36,,2097152,,,,,,,,0,,,,0.194086,2.9,
rand-m2,55,110,1,padded_shrink,ok,48,400,607,770,159,49,3088,1,,1,,,0.004396,0.453591,0.461155,5.1,d246003e1c22
rand-m2,55,110,1,alg1,ok,48,400,448,778,0,49,448,1,1,1,,,0.003009,0.559437,0.564120,5.2,d246003e1c22
rand-m2,55,110,1,b3,ok,48,,56,,,,,,,,,1,,,0.000295,2.7,
rand-m2,55,110,1,b2,ok,48,,2097152,,,,,,,,0,,,,0.193611,2.9,
rand-m2,55,110,2,alg1,ok,40,960,1000,1008,0,41,1000,1,1,1,,,0.004034,0.159239,0.165560,5.8,371e992fee14
rand-m2,55,110,2,padded_shrink,ok,40,960,1121,1008,121,41,3200,1,,1,,,0.004648,0.144234,0.151630,6.0,371e992fee14
rand-m2,55,110,2,b3,ok,40,,56,,,,,,,,,1,,,0.000358,2.7,
rand-m2,55,110,3,alg1,ok,42,308,350,445,0,43,350,1,1,1,,,0.001496,0.025314,0.027688,3.5,0a7ebec9c38d
rand-m2,55,110,3,padded_shrink,ok,42,308,482,445,132,43,2660,1,,1,,,0.002686,0.028483,0.032923,3.7,0a7ebec9c38d
rand-m2,55,110,2,b2,ok,40,,2097152,,,,,,,,0,,,,0.184915,2.9,
rand-m2,55,110,3,b3,ok,42,,56,,,,,,,,,1,,,0.000259,2.7,
rand-m2,55,110,4,alg1,ok,40,528,568,580,0,41,568,1,1,1,,,0.002928,0.082712,0.086790,3.9,0fa34fabc425
rand-m2,55,110,3,b2,ok,42,,2097152,,,,,,,,0,,,,0.166922,2.9,
rand-m2,55,110,4,padded_shrink,ok,40,528,697,580,129,41,2768,1,,1,,,0.003047,0.088315,0.093143,4.0,0fa34fabc425
rand-m2,55,110,4,b3,ok,40,,56,,,,,,,,,1,,,0.000413,2.7,
rand-m2,55,110,5,alg1,ok,42,75,117,131,0,43,117,1,1,1,,,0.000493,0.002088,0.003236,2.8,2c4988a0f5fb
rand-m2,55,110,5,padded_shrink,ok,42,75,243,131,126,43,2427,1,,1,,,0.001600,0.002179,0.005262,2.8,2c4988a0f5fb
rand-m2,55,110,4,b2,ok,40,,2097152,,,,,,,,0,,,,0.167407,2.9,
rand-m2,55,110,5,b3,ok,42,,56,,,,,,,,,1,,,0.000397,2.7,
rand-m2,55,110,5,b2,ok,42,,2097152,,,,,,,,0,,,,0.176153,2.9,
rand-m4,25,100,2,padded,timeout,,,,,,,,,,,,,,,600.000000,,
rand-m2,55,110,6,b2,ok,47,,2097152,,,,,,,,0,,,,0.181821,2.9,
rand-m2,55,110,6,b3,ok,47,,56,,,,,,,,,1,,,0.000384,2.7,
rand-m2,55,110,7,alg1,ok,41,112,153,179,0,42,153,1,1,1,,,0.000531,0.004056,0.005134,2.8,8984828f6281
rand-m2,55,110,7,padded_shrink,ok,41,112,268,179,115,42,2408,1,,1,,,0.001395,0.003925,0.006590,2.9,8984828f6281
rand-m2,55,110,7,b2,ok,41,,2097152,,,,,,,,0,,,,0.178192,2.9,
rand-m2,55,110,7,b3,ok,41,,56,,,,,,,,,1,,,0.000213,2.7,
rand-m2,55,110,8,alg1,ok,39,42,81,97,0,40,81,1,1,1,,,0.000568,0.001443,0.002427,2.7,dbdd140171b2
rand-m2,55,110,8,padded_shrink,ok,39,42,197,97,116,40,2226,1,,1,,,0.000985,0.001339,0.003122,2.8,dbdd140171b2
rand-m2,55,110,8,b2,ok,39,,2097152,,,,,,,,0,,,,0.162993,2.9,
rand-m2,55,110,8,b3,ok,39,,56,,,,,,,,,1,,,0.000227,2.7,
rand-m2,55,110,9,alg1,ok,40,72,112,128,0,41,112,1,1,1,,,0.000684,0.002732,0.003851,2.8,b7500eccc887
rand-m2,55,110,9,padded_shrink,ok,40,72,219,128,107,41,2312,1,,1,,,0.001050,0.002031,0.004167,2.8,b7500eccc887
rand-m2,55,110,9,b2,ok,40,,2097152,,,,,,,,0,,,,0.178275,2.9,
rand-m2,55,110,9,b3,ok,40,,56,,,,,,,,,1,,,0.000222,2.7,
rand-m4,55,220,0,alg1,ok,48,12,60,68,0,49,60,1,1,1,,,0.000282,0.001906,0.002696,2.7,9974fc37eddd
rand-m4,55,220,0,padded_shrink,ok,48,12,178,68,118,49,2700,1,,1,,,0.000903,0.001312,0.003090,2.8,9974fc37eddd
rand-m4,55,220,0,b2,ok,48,,2097152,,,,,,,,0,,,,0.178243,2.9,
rand-m4,55,220,0,b3,ok,48,,56,,,,,,,,,1,,,0.000517,2.7,
rand-m4,55,220,1,alg1,ok,46,2,48,49,0,47,48,1,1,1,,,0.000232,0.001391,0.002887,2.7,80aa4a3169de
rand-m4,55,220,1,padded_shrink,ok,46,2,160,49,112,47,2578,1,,1,,,0.000911,0.001263,0.003388,2.7,80aa4a3169de
rand-m4,55,220,1,b2,ok,46,,2097152,,,,,,,,0,,,,0.187450,2.9,
rand-m4,55,220,1,b3,ok,46,,56,,,,,,,,,1,,,0.000340,2.7,
rand-m4,55,220,2,alg1,ok,47,6,53,61,0,48,53,1,1,1,,,0.000204,0.001492,0.002071,2.7,178051421d25
rand-m4,55,220,2,padded_shrink,ok,47,6,170,61,117,48,2638,1,,1,,,0.000838,0.001865,0.003666,2.8,178051421d25
rand-m4,55,220,2,b2,ok,47,,2097152,,,,,,,,0,,,,0.177057,2.9,
rand-m4,55,220,2,b3,ok,47,,56,,,,,,,,,1,,,0.000277,2.7,
rand-m4,55,220,3,alg1,ok,47,10,57,64,0,48,57,1,1,1,,,0.000164,0.001100,0.001959,2.7,dc4b5a177b86
rand-m4,55,220,3,padded_shrink,ok,47,10,188,64,131,48,2642,1,,1,,,0.001070,0.002694,0.005185,2.8,dc4b5a177b86
rand-m4,55,220,3,b2,ok,47,,2097152,,,,,,,,0,,,,0.177794,2.9,
rand-m4,55,220,3,b3,ok,47,,56,,,,,,,,,1,,,0.000404,2.7,
rand-m4,55,220,4,alg1,ok,50,36,86,133,0,51,86,1,1,1,,,0.000368,0.006777,0.008069,2.8,68f4b40b8ae2
rand-m4,55,220,4,padded_shrink,ok,50,36,224,133,138,51,2836,1,,1,,,0.001418,0.007639,0.010756,2.9,68f4b40b8ae2
rand-m4,55,220,4,b2,ok,50,,2097152,,,,,,,,0,,,,0.185840,2.9,
rand-m4,55,220,4,b3,ok,50,,56,,,,,,,,,1,,,0.000281,2.7,
rand-m4,55,220,5,alg1,ok,51,10,61,62,0,52,61,1,1,1,,,0.000269,0.003596,0.004487,2.7,b69a65afd3c7
rand-m4,55,220,5,padded_shrink,ok,51,10,189,68,128,52,2866,1,,1,,,0.000853,0.001400,0.003466,2.8,b69a65afd3c7
rand-m4,55,220,5,b2,ok,51,,2097152,,,,,,,,0,,,,0.195305,2.9,
rand-m4,55,220,5,b3,ok,51,,56,,,,,,,,,1,,,0.000485,2.7,
rand-m4,55,220,6,alg1,ok,45,8,53,53,0,46,53,1,1,1,,,0.000139,0.000760,0.001620,2.7,55c09c21fa62
rand-m4,55,220,6,padded_shrink,ok,45,8,163,53,110,46,2528,1,,1,,,0.000703,0.000844,0.002533,2.7,55c09c21fa62
rand-m4,55,220,6,b2,ok,45,,2097152,,,,,,,,0,,,,0.203251,2.9,
rand-m4,55,220,6,b3,ok,45,,56,,,,,,,,,1,,,0.000660,2.7,
rand-m4,55,220,7,alg1,ok,45,12,57,63,0,46,57,1,1,1,,,0.000244,0.001365,0.002421,2.7,298e512ec0c1
rand-m4,55,220,7,padded_shrink,ok,45,12,169,63,112,46,2532,1,,1,,,0.000741,0.001232,0.002932,2.8,298e512ec0c1
rand-m4,55,220,7,b2,ok,45,,2097152,,,,,,,,0,,,,0.200904,2.9,
rand-m4,55,220,7,b3,ok,45,,56,,,,,,,,,1,,,0.000341,2.7,
rand-m4,55,220,8,alg1,ok,46,12,58,58,0,47,58,1,1,1,,,0.000165,0.000839,0.001538,2.7,e47d4c4419a7
rand-m4,55,220,8,padded_shrink,ok,46,12,172,58,114,47,2588,1,,1,,,0.001037,0.001102,0.003145,2.8,e47d4c4419a7
rand-m4,55,220,8,b2,ok,46,,2097152,,,,,,,,0,,,,0.173825,2.9,
rand-m4,55,220,8,b3,ok,46,,56,,,,,,,,,1,,,0.000238,2.7,
rand-m4,55,220,9,alg1,ok,47,6,53,53,0,48,53,1,1,1,,,0.000236,0.001416,0.002638,2.7,b410fc000338
rand-m4,55,220,9,padded_shrink,ok,47,6,161,53,108,48,2638,1,,1,,,0.000742,0.000893,0.002626,2.7,b410fc000338
rand-m4,55,220,9,b2,ok,47,,2097152,,,,,,,,0,,,,0.179250,2.9,
rand-m4,55,220,9,b3,ok,47,,56,,,,,,,,,1,,,0.000225,2.7,
rand-m2,55,110,6,alg1,ok,47,5438,5485,5777,0,48,5485,1,1,1,,,0.033771,8.179379,8.233024,16.1,cdcb26e962c7
rand-m1,60,60,0,alg1,ok,37,7216,7253,7413,0,38,7253,1,1,1,,,0.030181,4.597117,4.652527,21.8,eb6fb67d7e97
rand-m2,55,110,6,padded_shrink,ok,47,5438,5656,5777,171,48,8070,1,,1,,,0.034525,8.481049,8.537661,16.9,cdcb26e962c7
rand-m1,60,60,0,b3,ok,37,,61,,,,,,,,,1,,,0.000514,2.7,
rand-m1,60,60,1,alg1,ok,32,396,428,518,0,33,428,1,1,1,,,0.001249,0.026412,0.028540,3.3,57642dddb4ec
rand-m1,60,60,1,padded_shrink,ok,32,396,534,518,106,33,2348,1,,1,,,0.001700,0.023788,0.027147,3.4,57642dddb4ec
rand-m1,60,60,0,b2,ok,37,,2097152,,,,,,,,0,,,,0.173360,2.8,
rand-m1,60,60,1,b3,ok,32,,61,,,,,,,,,1,,,0.000244,2.7,
rand-m1,60,60,1,b2,ok,32,,2097152,,,,,,,,0,,,,0.161992,2.8,
rand-m1,60,60,0,padded_shrink,ok,37,7216,7390,7413,137,38,9473,1,,1,,,0.030363,4.440342,4.495644,21.2,eb6fb67d7e97
rand-m1,60,60,2,b2,ok,37,,2097152,,,,,,,,0,,,,0.178376,2.8,
rand-m1,60,60,2,b3,ok,37,,61,,,,,,,,,1,,,0.000603,2.7,
rand-m1,60,60,3,alg1,ok,34,252,286,298,0,35,286,1,1,1,,,0.000926,0.004989,0.006647,2.9,1a79a9ba706a
rand-m1,60,60,3,padded_shrink,ok,34,252,397,304,111,35,2326,1,,1,,,0.001967,0.009637,0.013929,3.1,1a79a9ba706a
rand-m1,60,60,3,b2,ok,34,,2097152,,,,,,,,0,,,,0.190169,2.8,
rand-m1,60,60,3,b3,ok,34,,61,,,,,,,,,1,,,0.001372,2.7,
rand-m1,60,60,4,alg1,ok,33,320,353,466,0,34,353,1,1,1,,,0.001564,0.022753,0.025459,3.3,34b02257c84d
rand-m1,60,60,4,padded_shrink,ok,33,320,463,466,110,34,2333,1,,1,,,0.001815,0.019431,0.023478,3.4,34b02257c84d
rand-m1,60,60,4,b2,ok,33,,2097152,,,,,,,,0,,,,0.191740,2.8,
rand-m1,60,60,4,b3,ok,33,,61,,,,,,,,,1,,,0.000447,2.7,
rand-m1,60,60,5,alg1,ok,34,504,538,901,0,35,538,1,1,1,,,0.002336,0.035591,0.039316,3.9,5508024b0a03
rand-m1,60,60,5,padded_shrink,ok,34,504,655,901,117,35,2578,1,,1,,,0.002345,0.033769,0.038684,3.9,5508024b0a03
rand-m1,60,60,5,b2,ok,34,,2097152,,,,,,,,0,,,,0.184149,2.8,
rand-m1,60,60,5,b3,ok,34,,61,,,,,,,,,1,,,0.000382,2.7,
rand-m1,60,60,6,alg1,ok,38,3136,3174,3204,0,39,3174,1,1,1,,,0.012445,2.145889,2.168075,14.2,3a556ed34b2b
rand-m1,60,60,6,padded_shrink,ok,38,3136,3300,3204,126,39,5454,1,,1,,,0.014562,2.143650,2.170637,14.7,3a556ed34b2b
rand-m1,60,60,6,b2,ok,38,,2097152,,,,,,,,0,,,,0.186647,2.8,
rand-m1,60,60,6,b3,ok,38,,61,,,,,,,,,1,,,0.000275,2.7,
rand-m1,60,60,7,alg1,ok,37,720,757,897,0,38,757,1,1,1,,,0.003922,0.086977,0.093059,4.2,58eb06358da8
rand-m1,60,60,7,padded_shrink,ok,37,720,878,897,121,38,2977,1,,1,,,0.003923,0.089794,0.097432,4.3,58eb06358da8
rand-m1,60,60,7,b2,ok,37,,2097152,,,,,,,,0,,,,0.178187,2.8,
rand-m1,60,60,7,b3,ok,37,,61,,,,,,,,,1,,,0.000387,2.7,
rand-m1,60,60,8,alg1,ok,34,588,622,666,0,35,622,1,1,1,,,0.002686,0.100284,0.105891,4.4,35b019ac8192
rand-m1,60,60,8,padded_shrink,ok,34,588,739,667,117,35,2662,1,,1,,,0.003174,0.103557,0.108842,4.7,35b019ac8192
rand-m1,60,60,8,b2,ok,34,,2097152,,,,,,,,0,,,,0.188143,2.8,
rand-m1,60,60,8,b3,ok,34,,61,,,,,,,,,1,,,0.000630,2.7,
rand-m1,60,60,9,alg1,ok,32,1182,1214,1222,0,33,1214,1,1,1,,,0.004672,0.122524,0.131745,5.0,e45eedfcb173
rand-m1,60,60,9,padded_shrink,ok,32,1182,1327,1222,113,33,3134,1,,1,,,0.005626,0.121672,0.131385,5.2,e45eedfcb173
rand-m1,60,60,9,b2,ok,32,,2097152,,,,,,,,0,,,,0.182427,2.8,
rand-m1,60,60,9,b3,ok,32,,61,,,,,,,,,1,,,0.000291,2.7,
rand-m2,60,120,0,alg1,ok,45,381,426,730,0,46,426,1,1,1,,,0.001872,0.017884,0.021801,3.7,82a7896f47a4
rand-m2,60,120,0,padded_shrink,ok,45,381,569,730,143,46,3126,1,,1,,,0.003057,0.020808,0.026977,3.7,82a7896f47a4
rand-m2,60,120,0,b2,ok,45,,2097152,,,,,,,,0,,,,0.187807,2.8,
rand-m2,60,120,0,b3,ok,45,,61,,,,,,,,,1,,,0.000343,2.7,
rand-m2,60,120,1,alg1,ok,45,1525,1570,1622,0,46,1570,1,1,1,,,0.008236,1.654766,1.668046,7.2,dab2b90ec9c7
rand-m2,60,120,1,padded_shrink,ok,45,1525,1725,1622,155,46,4270,1,,1,,,0.009804,1.619225,1.635846,7.7,dab2b90ec9c7
rand-m2,60,120,1,b2,ok,45,,2097152,,,,,,,,0,,,,0.178113,2.8,
rand-m2,60,120,1,b3,ok,45,,61,,,,,,,,,1,,,0.000488,2.7,
rand-m2,60,120,2,alg1,ok,41,60,101,109,0,42,101,1,1,1,,,0.000580,0.002079,0.003486,2.8,fd50c1808a3c
rand-m2,60,120,2,padded_shrink,ok,41,60,218,109,117,42,2561,1,,1,,,0.001178,0.002207,0.004258,2.8,fd50c1808a3c
rand-m2,60,120,2,b2,ok,41,,2097152,,,,,,,,0,,,,0.189122,2.8,
rand-m2,60,120,2,b3,ok,41,,61,,,,,,,,,1,,,0.000332,2.7,
rand-m2,60,120,3,alg1,ok,47,288,335,345,0,48,335,1,1,1,,,0.001423,0.031936,0.034306,3.6,dc947078278c
rand-m2,60,120,3,padded_shrink,ok,47,288,476,345,141,48,3155,1,,1,,,0.002240,0.046116,0.050431,3.8,dc947078278c
rand-m2,60,120,3,b2,ok,47,,2097152,,,,,,,,0,,,,0.179455,2.8,
rand-m2,60,120,3,b3,ok,47,,61,,,,,,,,,1,,,0.000520,2.7,
rand-m2,60,120,4,alg1,ok,43,288,331,440,0,44,331,1,1,1,,,0.001620,0.026878,0.029433,3.2,2d4a9d8b70f4
rand-m2,60,120,4,padded_shrink,ok,43,288,462,440,131,44,2911,1,,1,,,0.002416,0.027920,0.031873,3.4,2d4a9d8b70f4
rand-m2,60,120,4,b2,ok,43,,2097152,,,,,,,,0,,,,0.188708,2.8,
rand-m2,60,120,4,b3,ok,43,,61,,,,,,,,,1,,,0.000292,2.7,
rand-m2,60,120,5,alg1,ok,42,640,682,818,0,43,682,1,1,1,,,0.003024,0.116646,0.121835,4.9,1fd2514b2644
rand-m2,60,120,5,padded_shrink,ok,42,640,825,818,143,43,3202,1,,1,,,0.003812,0.124689,0.131054,4.8,1fd2514b2644
rand-m2,60,120,5,b2,ok,42,,2097152,,,,,,,,0,,,,0.184535,2.8,
rand-m2,60,120,5,b3,ok,42,,61,,,,,,,,,1,,,0.000502,2.7,
rand-m2,60,120,6,alg1,ok,42,90,132,133,0,43,132,1,1,1,,,0.000560,0.002408,0.003400,2.8,194f12b55b48
rand-m2,60,120,6,padded_shrink,ok,42,90,251,133,119,43,2652,1,,1,,,0.001161,0.002315,0.004822,2.8,194f12b55b48
rand-m2,60,120,6,b2,ok,42,,2097152,,,,,,,,0,,,,0.180766,2.8,
rand-m2,60,120,6,b3,ok,42,,61,,,,,,,,,1,,,0.000454,2.7,
rand-m2,60,120,7,alg1,ok,43,472,515,528,0,44,515,1,1,1,,,0.002002,0.030968,0.034504,3.3,acce2c0d7c3d
rand-m2,60,120,7,padded_shrink,ok,43,472,652,528,137,44,3095,1,,1,,,0.003047,0.028765,0.034270,3.6,acce2c0d7c3d
rand-m2,60,120,7,b2,ok,43,,2097152,,,,,,,,0,,,,0.178849,2.8,
rand-m2,60,120,7,b3,ok,43,,61,,,,,,,,,1,,,0.000272,2.7,
rand-m2,60,120,8,alg1,ok,40,540,580,580,0,41,580,1,1,1,,,0.002363,0.028876,0.032800,3.5,be6e877e2c7d
rand-m2,60,120,8,padded_shrink,ok,40,540,700,580,120,41,2980,1,,1,,,0.003499,0.027265,0.033475,3.5,be6e877e2c7d
rand-m2,60,120,8,b2,ok,40,,2097152,,,,,,,,0,,,,0.183991,2.8,
rand-m2,60,120,8,b3,ok,40,,61,,,,,,,,,1,,,0.000274,2.7,
rand-m2,60,120,9,alg1,ok,43,192,235,271,0,44,235,1,1,1,,,0.000974,0.006752,0.008553,3.0,8278198ea41b
rand-m2,60,120,9,padded_shrink,ok,43,192,355,271,120,44,2815,1,,1,,,0.002097,0.006541,0.010962,3.0,8278198ea41b
rand-m2,60,120,9,b2,ok,43,,2097152,,,,,,,,0,,,,0.179624,2.8,
rand-m2,60,120,9,b3,ok,43,,61,,,,,,,,,1,,,0.000279,2.7,
rand-m4,60,240,0,alg1,ok,52,10,62,67,0,53,62,1,1,1,,,0.000477,0.001782,0.002733,2.7,46eec136ab8c
rand-m4,60,240,0,padded_shrink,ok,52,10,194,67,132,53,3182,1,,1,,,0.001097,0.001249,0.003674,2.8,46eec136ab8c
rand-m4,60,240,0,b2,ok,52,,2097152,,,,,,,,0,,,,0.188966,2.8,
rand-m4,60,240,0,b3,ok,52,,61,,,,,,,,,1,,,0.000352,2.7,
rand-m4,60,240,1,alg1,ok,50,8,58,62,0,51,58,1,1,1,,,0.000182,0.001323,0.001813,2.7,e3bb9c7c0748
rand-m4,60,240,1,padded_shrink,ok,50,8,179,62,121,51,3058,1,,1,,,0.000992,0.001262,0.003576,2.8,e3bb9c7c0748
rand-m4,60,240,1,b2,ok,50,,2097152,,,,,,,,0,,,,0.179403,2.8,
rand-m4,60,240,1,b3,ok,50,,61,,,,,,,,,1,,,0.000271,2.7,
rand-m4,60,240,2,alg1,ok,52,4,56,56,0,53,56,1,1,1,,,0.000258,0.001730,0.002426,2.7,1ea73e04f565
rand-m4,60,240,2,padded_shrink,ok,52,4,174,56,118,53,3176,1,,1,,,0.001055,0.001237,0.003537,2.8,1ea73e04f565
rand-m4,60,240,2,b2,ok,52,,2097152,,,,,,,,0,,,,0.182962,2.8,
rand-m4,60,240,2,b3,ok,52,,61,,,,,,,,,1,,,0.000273,2.7,
rand-m4,60,240,3,alg1,ok,52,12,64,80,0,53,64,1,1,1,,,0.000248,0.002150,0.002875,2.7,583f93ed2b91
rand-m4,60,240,3,padded_shrink,ok,52,12,201,76,137,53,3184,1,,1,,,0.000916,0.001484,0.003810,2.8,583f93ed2b91
rand-m4,60,240,3,b2,ok,52,,2097152,,,,,,,,0,,,,0.180586,2.8,
rand-m4,60,240,3,b3,ok,52,,61,,,,,,,,,1,,,0.000387,2.7,
rand-m4,60,240,4,alg1,ok,51,10,61,70,0,52,61,1,1,1,,,0.000262,0.001478,0.002077,2.7,a1132c97ca97
rand-m4,60,240,4,padded_shrink,ok,51,10,193,70,132,52,3121,1,,1,,,0.001260,0.001220,0.003829,2.8,a1132c97ca97
rand-m4,60,240,4,b2,ok,51,,2097152,,,,,,,,0,,,,0.186737,2.8,
rand-m4,60,240,4,b3,ok,51,,61,,,,,,,,,1,,,0.000341,2.7,
rand-m4,60,240,5,alg1,ok,52,2,54,54,0,53,54,1,1,1,,,0.000254,0.001067,0.001660,2.7,8afe72d59455
rand-m4,60,240,5,padded_shrink,ok,52,2,170,54,116,53,3174,1,,1,,,0.000745,0.001096,0.002758,2.8,8afe72d59455
rand-m4,60,240,5,b2,ok,52,,2097152,,,,,,,,0,,,,0.184239,2.8,
rand-m4,60,240,5,b3,ok,52,,61,,,,,,,,,1,,,0.000279,2.7,
rand-m4,60,240,6,alg1,ok,52,6,58,58,0,53,58,1,1,1,,,0.000254,0.001624,0.002289,2.7,2ef9b0a5c2b0
rand-m4,60,240,6,padded_shrink,ok,52,6,179,58,121,53,3178,1,,1,,,0.000708,0.001180,0.002887,2.8,2ef9b0a5c2b0
rand-m4,60,240,6,b2,ok,52,,2097152,,,,,,,,0,,,,0.176154,2.8,
rand-m4,60,240,6,b3,ok,52,,61,,,,,,,,,1,,,0.000463,2.7,
rand-m4,60,240,7,alg1,ok,48,8,56,56,0,49,56,1,1,1,,,0.000201,0.000915,0.001575,2.7,e8772147544c
rand-m4,60,240,7,padded_shrink,ok,48,8,173,56,117,49,2936,1,,1,,,0.000977,0.001333,0.003825,2.8,e8772147544c
rand-m4,60,240,7,b2,ok,48,,2097152,,,,,,,,0,,,,0.179204,2.8,
rand-m4,60,240,7,b3,ok,48,,61,,,,,,,,,1,,,0.000271,2.7,
rand-m4,60,240,8,alg1,ok,50,24,74,74,0,51,74,1,1,1,,,0.000496,0.001634,0.002621,2.7,fcc327c773f2
rand-m4,60,240,8,padded_shrink,ok,50,24,201,74,127,51,3074,1,,1,,,0.000950,0.000994,0.003134,2.8,fcc327c773f2
rand-m4,60,240,8,b2,ok,50,,2097152,,,,,,,,0,,,,0.177979,2.8,
rand-m4,60,240,8,b3,ok,50,,61,,,,,,,,,1,,,0.000306,2.7,
rand-m4,60,240,9,alg1,ok,49,6,55,55,0,50,55,1,1,1,,,0.000173,0.001549,0.002077,2.7,c053e799ea85
rand-m4,60,240,9,padded_shrink,ok,49,6,171,55,116,50,2995,1,,1,,,0.000973,0.000814,0.002876,2.8,c053e799ea85
rand-m4,60,240,9,b2,ok,49,,2097152,,,,,,,,0,,,,0.180222,2.8,
rand-m4,60,240,9,b3,ok,49,,61,,,,,,,,,1,,,0.000270,2.7,
rand-m1,65,65,0,b2,ok,36,,2097152,,,,,,,,0,,,,0.180090,2.8,
rand-m1,65,65,0,b3,ok,36,,66,,,,,,,,,1,,,0.000389,2.7,
rand-m1,65,65,1,b2,ok,41,,2097152,,,,,,,,0,,,,0.163853,2.8,
rand-m1,65,65,1,b3,ok,41,,66,,,,,,,,,1,,,0.000373,2.7,
rand-m1,65,65,2,b2,ok,41,,2097152,,,,,,,,0,,,,0.189788,2.8,
rand-m1,65,65,2,b3,ok,41,,66,,,,,,,,,1,,,0.000358,2.7,
rand-m1,65,65,3,b2,ok,40,,2097152,,,,,,,,0,,,,0.181369,2.8,
rand-m1,65,65,3,b3,ok,40,,66,,,,,,,,,1,,,0.000489,2.7,
rand-m1,65,65,4,b2,ok,41,,2097152,,,,,,,,0,,,,0.196189,2.9,
rand-m1,65,65,4,b3,ok,41,,66,,,,,,,,,1,,,0.000370,2.7,
rand-m1,65,65,5,b2,ok,38,,2097152,,,,,,,,0,,,,0.188739,2.8,
rand-m1,65,65,5,b3,ok,38,,66,,,,,,,,,1,,,0.000355,2.7,
rand-m1,65,65,6,b2,ok,42,,2097152,,,,,,,,0,,,,0.170158,2.8,
rand-m1,65,65,6,b3,ok,42,,66,,,,,,,,,1,,,0.000358,2.7,
rand-m1,65,65,7,b2,ok,33,,2097152,,,,,,,,0,,,,0.172158,2.8,
rand-m1,65,65,7,b3,ok,33,,66,,,,,,,,,1,,,0.000348,2.7,
rand-m1,65,65,8,b2,ok,36,,2097152,,,,,,,,0,,,,0.180106,2.8,
rand-m1,65,65,8,b3,ok,36,,66,,,,,,,,,1,,,0.000299,2.7,
rand-m1,65,65,9,b2,ok,37,,2097152,,,,,,,,0,,,,0.187126,2.8,
rand-m1,65,65,9,b3,ok,37,,66,,,,,,,,,1,,,0.000313,2.7,
rand-m2,65,130,0,alg1,ok,43,144,187,245,0,44,187,1,1,1,,,0.000747,0.003663,0.004987,2.9,f71f29369f2d
rand-m2,65,130,0,padded_shrink,ok,43,144,313,245,126,44,2982,1,,1,,,0.002176,0.004098,0.008312,2.9,f71f29369f2d
rand-m2,65,130,0,b2,ok,43,,2097152,,,,,,,,0,,,,0.193863,2.8,
rand-m2,65,130,0,b3,ok,43,,66,,,,,,,,,1,,,0.000333,2.7,
rand-m2,65,130,1,alg1,ok,52,662,714,868,0,53,714,1,1,1,,,0.004076,0.156999,0.163654,4.6,053eb86808ec
rand-m2,65,130,1,padded_shrink,ok,52,662,882,868,168,53,4094,1,,1,,,0.005595,0.159402,0.168931,4.8,053eb86808ec
rand-m2,65,130,1,b2,ok,52,,2097152,,,,,,,,0,,,,0.183798,2.8,
rand-m2,65,130,1,b3,ok,52,,66,,,,,,,,,1,,,0.000445,2.7,
rand-m2,65,130,2,alg1,ok,50,4032,4082,4728,0,51,4082,1,1,1,,,0.024959,4.325150,4.371569,17.5,d9899d9d5037
rand-m2,65,130,2,padded_shrink,ok,50,4032,4243,4728,161,51,7332,1,,1,,,0.024929,4.836948,4.883774,18.7,d9899d9d5037
rand-m2,65,130,2,b2,ok,50,,2097152,,,,,,,,0,,,,0.176939,2.8,
rand-m2,65,130,2,b3,ok,50,,66,,,,,,,,,1,,,0.000520,2.7,
rand-m2,65,130,3,alg1,ok,47,272,319,383,0,48,319,1,1,1,,,0.001911,0.022553,0.025365,3.3,25a9b27c052e
rand-m2,65,130,3,padded_shrink,ok,47,272,461,383,142,48,3374,1,,1,,,0.003474,0.021444,0.027635,3.5,25a9b27c052e
rand-m2,65,130,3,b2,ok,47,,2097152,,,,,,,,0,,,,0.185893,2.8,
rand-m2,65,130,3,b3,ok,47,,66,,,,,,,,,1,,,0.000345,2.7,
rand-m2,65,130,4,alg1,ok,41,160,201,211,0,42,201,1,1,1,,,0.000783,0.003839,0.005224,2.8,9d60dd52e7db
rand-m2,65,130,4,padded_shrink,ok,41,160,320,211,119,42,2866,1,,1,,,0.001280,0.003256,0.006006,2.9,9d60dd52e7db
rand-m2,65,130,4,b2,ok,41,,2097152,,,,,,,,0,,,,0.193367,2.8,
rand-m2,65,130,4,b3,ok,41,,66,,,,,,,,,1,,,0.000394,2.7,
rand-m2,65,130,5,alg1,ok,44,1152,1196,2133,0,45,1196,1,1,1,,,0.005078,0.220331,0.230268,7.0,5b3e99390c79
rand-m2,65,130,5,padded_shrink,ok,44,1152,1335,2133,139,45,4056,1,,1,,,0.005894,0.212631,0.224502,7.1,5b3e99390c79
rand-m2,65,130,5,b2,ok,44,,2097152,,,,,,,,0,,,,0.178642,2.8,
rand-m2,65,130,5,b3,ok,44,,66,,,,,,,,,1,,,0.000436,2.7,
rand-m2,65,130,6,alg1,ok,53,1133,1186,1359,0,54,1186,1,1,1,,,0.006640,0.293107,0.304171,5.4,634cdb6d6e03
rand-m2,65,130,6,padded_shrink,ok,53,1133,1354,1359,168,54,4631,1,,1,,,0.007836,0.318167,0.331934,5.2,634cdb6d6e03
rand-m2,65,130,6,b2,ok,53,,2097152,,,,,,,,0,,,,0.176293,2.8,
rand-m2,65,130,6,b3,ok,53,,66,,,,,,,,,1,,,0.000432,2.7,
rand-m2,65,130,7,alg1,ok,44,400,444,452,0,45,444,1,1,1,,,0.002027,0.020306,0.023248,3.4,b78082a4b393
rand-m2,65,130,7,padded_shrink,ok,44,400,572,452,128,45,3304,1,,1,,,0.002307,0.019265,0.023471,3.5,b78082a4b393
rand-m2,65,130,7,b2,ok,44,,2097152,,,,,,,,0,,,,0.191397,2.8,
rand-m2,65,130,7,b3,ok,44,,66,,,,,,,,,1,,,0.000343,2.7,
rand-m2,65,130,8,alg1,ok,48,1424,1472,2364,0,49,1472,1,1,1,,,0.007634,0.409848,0.423821,6.2,03884c4aad07
rand-m2,65,130,8,padded_shrink,ok,48,1424,1629,2364,157,49,4592,1,,1,,,0.008948,0.415411,0.432454,6.0,03884c4aad07
rand-m2,65,130,8,b2,ok,48,,2097152,,,,,,,,0,,,,0.186703,2.8,
rand-m2,65,130,8,b3,ok,48,,66,,,,,,,,,1,,,0.000398,2.7,
rand-m2,65,130,9,alg1,ok,54,3249,3303,4307,0,55,3303,1,1,1,,,0.022311,6.036617,6.074176,15.0,e435e692b2f3
rand-m2,65,130,9,padded_shrink,ok,54,3249,3491,4307,188,55,6813,1,,1,,,0.025418,6.039175,6.082755,15.1,e435e692b2f3
rand-m2,65,130,9,b2,ok,54,,2097152,,,,,,,,0,,,,0.197962,2.8,
rand-m2,65,130,9,b3,ok,54,,66,,,,,,,,,1,,,0.000418,2.7,
rand-m4,65,260,0,alg1,ok,52,8,60,60,0,53,60,1,1,1,,,0.000482,0.002259,0.003494,2.7,71f86d3e71d4
rand-m4,65,260,0,padded_shrink,ok,52,8,189,60,129,53,3440,1,,1,,,0.001510,0.001749,0.004628,2.8,71f86d3e71d4
rand-m4,65,260,0,b2,ok,52,,2097152,,,,,,,,0,,,,0.194864,2.8,
rand-m4,65,260,0,b3,ok,52,,66,,,,,,,,,1,,,0.000382,2.7,
rand-m4,65,260,1,alg1,ok,59,157,216,338,0,60,216,1,1,1,,,0.001325,0.031171,0.034199,3.2,2ed5dfefe237
rand-m4,65,260,1,padded_shrink,ok,59,157,379,338,163,60,4051,1,,1,,,0.002418,0.030359,0.035374,3.6,2ed5dfefe237
rand-m4,65,260,1,b2,ok,59,,2097152,,,,,,,,0,,,,0.198668,2.8,
rand-m4,65,260,1,b3,ok,59,,66,,,,,,,,,1,,,0.000373,2.7,
rand-m4,65,260,2,alg1,ok,53,87,140,150,0,54,140,1,1,1,,,0.000964,0.007671,0.009435,2.8,0d5e76269072
rand-m4,65,260,2,padded_shrink,ok,53,87,289,150,149,54,3585,1,,1,,,0.001905,0.007570,0.011827,2.9,0d5e76269072
rand-m4,65,260,2,b2,ok,53,,2097152,,,,,,,,0,,,,0.181420,2.8,
rand-m4,65,260,2,b3,ok,53,,66,,,,,,,,,1,,,0.000556,2.7,
rand-m4,65,260,3,alg1,ok,57,20,77,89,0,58,77,1,1,1,,,0.000463,0.002565,0.003668,2.8,3a9e91c907f6
rand-m4,65,260,3,padded_shrink,ok,57,20,221,90,144,58,3782,1,,1,,,0.001437,0.002520,0.005402,2.8,3a9e91c907f6
rand-m4,65,260,3,b2,ok,57,,2097152,,,,,,,,0,,,,0.187986,2.8,
rand-m4,65,260,3,b3,ok,57,,66,,,,,,,,,1,,,0.000549,2.7,
rand-m4,65,260,4,alg1,ok,56,16,72,80,0,57,72,1,1,1,,,0.000424,0.002065,0.003102,2.8,f8aa4055cde4
rand-m4,65,260,4,padded_shrink,ok,56,16,216,82,144,57,3712,1,,1,,,0.001108,0.001823,0.004390,2.8,f8aa4055cde4
rand-m4,65,260,4,b2,ok,56,,2097152,,,,,,,,0,,,,0.185557,2.8,
rand-m4,65,260,4,b3,ok,56,,66,,,,,,,,,1,,,0.000331,2.7,
rand-m4,65,260,5,alg1,ok,55,10,65,71,0,56,65,1,1,1,,,0.000251,0.001694,0.002392,2.7,6c84e40558e4
rand-m4,65,260,5,padded_shrink,ok,55,10,206,73,141,56,3640,1,,1,,,0.000946,0.001284,0.003507,2.8,6c84e40558e4
rand-m4,65,260,5,b2,ok,55,,2097152,,,,,,,,0,,,,0.179703,2.8,
rand-m4,65,260,5,b3,ok,55,,66,,,,,,,,,1,,,0.000336,2.7,
rand-m4,65,260,6,alg1,ok,56,4,60,61,0,57,60,1,1,1,,,0.000233,0.001954,0.002939,2.7,9837eccf482f
rand-m4,65,260,6,padded_shrink,ok,56,4,188,61,128,57,3700,1,,1,,,0.000984,0.001333,0.003890,2.8,9837eccf482f
rand-m4,65,260,6,b2,ok,56,,2097152,,,,,,,,0,,,,0.188160,2.8,
rand-m4,65,260,6,b3,ok,56,,66,,,,,,,,,1,,,0.000326,2.7,
rand-m4,65,260,7,alg1,ok,54,8,62,65,0,55,62,1,1,1,,,0.000331,0.001343,0.002140,2.7,cdc5cbda617f
rand-m4,65,260,7,padded_shrink,ok,54,8,198,65,136,55,3572,1,,1,,,0.000906,0.001063,0.003456,2.8,cdc5cbda617f
rand-m4,65,260,7,b2,ok,54,,2097152,,,,,,,,0,,,,0.180442,2.8,
rand-m4,65,260,7,b3,ok,54,,66,,,,,,,,,1,,,0.000443,2.7,
rand-m4,65,260,8,alg1,ok,51,24,75,99,0,52,75,1,1,1,,,0.000262,0.001894,0.002549,2.7,2f5a6f46a467
rand-m4,65,260,8,padded_shrink,ok,51,24,205,99,130,52,3390,1,,1,,,0.001068,0.001383,0.003538,2.8,2f5a6f46a467
rand-m4,65,260,8,b2,ok,51,,2097152,,,,,,,,0,,,,0.186475,2.8,
rand-m4,65,260,8,b3,ok,51,,66,,,,,,,,,1,,,0.000318,2.7,
rand-m4,65,260,9,alg1,ok,50,12,62,62,0,51,62,1,1,1,,,0.000317,0.001822,0.002487,2.7,38a831a122e4
rand-m4,65,260,9,padded_shrink,ok,50,12,184,62,122,51,3312,1,,1,,,0.000750,0.001161,0.002868,2.8,38a831a122e4
rand-m4,65,260,9,b2,ok,50,,2097152,,,,,,,,0,,,,0.167742,2.8,
rand-m4,65,260,9,b3,ok,50,,66,,,,,,,,,1,,,0.000347,2.7,
rand-m1,70,70,0,b2,ok,39,,2097152,,,,,,,,0,,,,0.171039,2.8,
rand-m1,70,70,0,b3,ok,39,,71,,,,,,,,,1,,,0.000376,2.7,
rand-m1,70,70,1,b2,ok,40,,2097152,,,,,,,,0,,,,0.159371,2.8,
rand-m1,70,70,1,b3,ok,40,,71,,,,,,,,,1,,,0.000428,2.7,
rand-m1,70,70,2,b2,ok,39,,2097152,,,,,,,,0,,,,0.176107,2.8,
rand-m1,70,70,2,b3,ok,39,,71,,,,,,,,,1,,,0.000392,2.7,
rand-m1,70,70,3,b2,ok,39,,2097152,,,,,,,,0,,,,0.192019,2.8,
rand-m1,70,70,3,b3,ok,39,,71,,,,,,,,,1,,,0.000471,2.7,
rand-m1,70,70,4,b2,ok,47,,2097152,,,,,,,,0,,,,0.181158,2.8,
rand-m1,70,70,4,b3,ok,47,,71,,,,,,,,,1,,,0.000509,2.7,
rand-m1,70,70,5,b2,ok,42,,2097152,,,,,,,,0,,,,0.184603,2.8,
rand-m1,70,70,5,b3,ok,42,,71,,,,,,,,,1,,,0.000511,2.7,
rand-m1,70,70,6,b2,ok,47,,2097152,,,,,,,,0,,,,0.177381,2.8,
rand-m1,70,70,6,b3,ok,47,,71,,,,,,,,,1,,,0.000667,2.7,
rand-m1,70,70,7,b2,ok,46,,2097152,,,,,,,,0,,,,0.165058,2.8,
rand-m1,70,70,7,b3,ok,46,,71,,,,,,,,,1,,,0.000588,2.7,
rand-m1,70,70,8,b2,ok,48,,2097152,,,,,,,,0,,,,0.177961,2.8,
rand-m1,70,70,8,b3,ok,48,,71,,,,,,,,,1,,,0.000508,2.7,
rand-m1,70,70,9,b2,ok,41,,2097152,,,,,,,,0,,,,0.168386,2.8,
rand-m1,70,70,9,b3,ok,41,,71,,,,,,,,,1,,,0.000428,2.7,
rand-m2,70,140,0,alg1,ok,52,2848,2900,2945,0,53,2900,1,1,1,,,0.017919,1.648037,1.677187,12.5,745a269a124f
rand-m2,70,140,0,padded_shrink,ok,52,2848,3068,2945,168,53,6540,1,,1,,,0.017085,1.617667,1.646469,12.3,745a269a124f
rand-m4,25,100,3,padded,timeout,,,,,,,,,,,,,,,600.000000,,
rand-m2,70,140,0,b2,ok,52,,2097152,,,,,,,,0,,,,0.195129,2.8,
rand-m2,70,140,0,b3,ok,52,,71,,,,,,,,,1,,,0.000581,2.7,
rand-m2,70,140,1,alg1,ok,48,216,264,281,0,49,264,1,1,1,,,0.001228,0.012651,0.014681,3.0,0198c1c772d2
rand-m2,70,140,1,padded_shrink,ok,48,216,405,287,141,49,3624,1,,1,,,0.002326,0.018498,0.022685,3.4,0198c1c772d2
rand-m2,70,140,1,b3,ok,48,,71,,,,,,,,,1,,,0.000511,2.7,
rand-m2,70,140,2,alg1,ok,48,432,480,672,0,49,480,1,1,1,,,0.002745,0.014285,0.019659,3.3,97779d8d17ec
rand-m2,70,140,2,padded_shrink,ok,48,432,624,672,144,49,3840,1,,1,,,0.003370,0.013358,0.019756,3.3,97779d8d17ec
rand-m2,70,140,1,b2,ok,48,,2097152,,,,,,,,0,,,,0.192295,2.8,
rand-m2,70,140,2,b3,ok,48,,71,,,,,,,,,1,,,0.000448,2.7,
rand-m2,70,140,3,alg1,ok,53,87,140,298,0,54,140,1,1,1,,,0.000689,0.007963,0.009448,2.9,c167bd127407
rand-m2,70,140,3,padded_shrink,ok,53,87,300,259,160,54,3850,1,,1,,,0.001912,0.008946,0.012787,3.1,c167bd127407
rand-m2,70,140,2,b2,ok,48,,2097152,,,,,,,,0,,,,0.175178,2.8,
rand-m2,70,140,3,b3,ok,53,,71,,,,,,,,,1,,,0.000415,2.7,
rand-m2,70,140,3,b2,ok,53,,2097152,,,,,,,,0,,,,0.199880,2.8,
rand-m2,70,140,4,alg1,ok,55,4860,4915,5365,0,56,4915,1,1,1,,,0.032097,7.471651,7.525301,19.1,d2855723f70a
rand-m2,70,140,4,b2,ok,55,,2097152,,,,,,,,0,,,,0.183642,2.8,
rand-m2,70,140,4,b3,ok,55,,71,,,,,,,,,1,,,0.000501,2.7,
rand-m2,70,140,4,padded_shrink,ok,55,4860,5088,5365,173,56,8765,1,,1,,,0.035109,7.585758,7.644608,18.7,d2855723f70a
rand-m4,25,100,4,padded,timeout,,,,,,,,,,,,,,,600.000000,,
rand-m2,70,140,5,b2,ok,64,,2097152,,,,,,,,0,,,,0.165347,2.8,
rand-m2,70,140,5,b3,ok,64,,71,,,,,,,,,1,,,0.000608,2.7,
rand-m4,25,100,5,padded,timeout,,,,,,,,,,,,,,,600.000000,,
rand-m2,70,140,6,alg1,ok,55,7752,7807,8303,0,56,7807,1,1,1,,,0.052015,28.147728,28.236386,43.5,2fc4c9289913
rand-m2,70,140,6,b2,ok,55,,2097152,,,,,,,,0,,,,0.179506,2.9,
rand-m2,70,140,6,b3,ok,55,,71,,,,,,,,,1,,,0.000756,2.8,
rand-m2,70,140,7,alg1,ok,58,189,247,320,0,59,247,1,1,1,,,0.001805,0.042284,0.045256,3.6,851b9dd0cf80
rand-m2,70,140,7,padded_shrink,ok,58,189,422,322,175,59,4307,1,,1,,,0.003295,0.050436,0.056678,3.7,851b9dd0cf80
rand-m2,70,140,7,b2,ok,58,,2097152,,,,,,,,0,,,,0.198886,2.9,
rand-m2,70,140,7,b3,ok,58,,71,,,,,,,,,1,,,0.000606,2.8,
rand-m4,25,100,6,padded,timeout,,,,,,,,,,,,,,,600.000000,,
rand-m2,70,140,6,padded_shrink,ok,55,7752,7987,8303,180,56,11657,1,,1,,,0.054068,28.162353,28.255783,44.3,2fc4c9289913
rand-m2,70,140,8,b2,ok,57,,2097152,,,,,,,,0,,,,0.200398,2.9,
rand-m2,70,140,8,b3,ok,57,,71,,,,,,,,,1,,,0.001184,2.8,
rand-m2,70,140,9,alg1,ok,58,1292,1350,1422,0,59,1350,1,1,1,,,0.008960,0.526626,0.540439,6.3,40e6294e3182
rand-m2,70,140,9,padded_shrink,ok,58,1292,1535,1422,185,59,5410,1,,1,,,0.012868,0.518804,0.539626,6.6,40e6294e3182
rand-m2,70,140,9,b2,ok,58,,2097152,,,,,,,,0,,,,0.183959,2.9,
rand-m2,70,140,9,b3,ok,58,,71,,,,,,,,,1,,,0.000833,2.8,
rand-m4,70,280,0,alg1,ok,58,32,90,90,0,59,90,1,1,1,,,0.000401,0.001829,0.002741,2.8,e489b48d5ba9
rand-m4,70,280,0,padded_shrink,ok,58,32,234,90,144,59,4150,1,,1,,,0.001460,0.001823,0.004778,2.9,e489b48d5ba9
rand-m4,70,280,0,b2,ok,58,,2097152,,,,,,,,0,,,,0.178195,2.9,
rand-m4,70,280,0,b3,ok,58,,71,,,,,,,,,1,,,0.000442,2.8,
rand-m4,70,280,1,alg1,ok,59,8,67,67,0,60,67,1,1,1,,,0.000360,0.002043,0.003065,2.8,0ce3bf7583b3
rand-m4,70,280,1,padded_shrink,ok,59,8,206,67,139,60,4197,1,,1,,,0.001024,0.001534,0.004017,2.9,0ce3bf7583b3
rand-m4,70,280,1,b2,ok,59,,2097152,,,,,,,,0,,,,0.174072,2.9,
rand-m4,70,280,1,b3,ok,59,,71,,,,,,,,,1,,,0.000660,2.8,
rand-m4,70,280,2,alg1,ok,60,24,84,95,0,61,84,1,1,1,,,0.000470,0.002408,0.003448,2.8,a9ea2da7aecd
rand-m4,70,280,2,padded_shrink,ok,60,24,239,95,155,61,4284,1,,1,,,0.001933,0.002669,0.006139,2.9,a9ea2da7aecd
rand-m4,70,280,2,b2,ok,60,,2097152,,,,,,,,0,,,,0.184362,2.9,
rand-m4,70,280,2,b3,ok,60,,71,,,,,,,,,1,,,0.000487,2.8,
rand-m4,70,280,3,alg1,ok,57,8,65,65,0,58,65,1,1,1,,,0.000394,0.002001,0.002843,2.8,b0cc9ed1f8c4
rand-m4,70,280,3,padded_shrink,ok,57,8,202,65,137,58,4055,1,,1,,,0.001541,0.001405,0.004152,2.8,b0cc9ed1f8c4
rand-m4,70,280,3,b2,ok,57,,2097152,,,,,,,,0,,,,0.175048,2.9,
rand-m4,70,280,3,b3,ok,57,,71,,,,,,,,,1,,,0.000506,2.8,
rand-m4,70,280,4,alg1,ok,58,15,73,79,0,59,73,1,1,1,,,0.000338,0.002014,0.002809,2.8,24a13267ff11
rand-m4,70,280,4,padded_shrink,ok,58,15,220,79,147,59,4133,1,,1,,,0.001688,0.001817,0.005038,2.8,24a13267ff11
rand-m4,70,280,4,b2,ok,58,,2097152,,,,,,,,0,,,,0.201472,2.9,
rand-m4,70,280,4,b3,ok,58,,71,,,,,,,,,1,,,0.000441,2.8,
rand-m4,70,280,5,alg1,ok,63,21,84,100,0,64,84,1,1,1,,,0.000505,0.003120,0.004454,2.8,f5bdb083392a
rand-m4,70,280,5,padded_shrink,ok,63,21,250,100,166,64,4494,1,,1,,,0.001745,0.003029,0.006821,2.9,f5bdb083392a
rand-m4,70,280,5,b2,ok,63,,2097152,,,,,,,,0,,,,0.211550,2.9,
rand-m4,70,280,5,b3,ok,63,,71,,,,,,,,,1,,,0.000600,2.8,
rand-m4,70,280,6,alg1,ok,59,54,113,116,0,60,113,1,1,1,,,0.000534,0.002468,0.003708,2.8,cc0f0a684b19
rand-m4,70,280,6,padded_shrink,ok,59,54,260,116,147,60,4243,1,,1,,,0.001678,0.002339,0.006180,2.9,cc0f0a684b19
rand-m4,70,280,6,b2,ok,59,,2097152,,,,,,,,0,,,,0.190742,2.9,
rand-m4,70,280,6,b3,ok,59,,71,,,,,,,,,1,,,0.000749,2.8,
rand-m4,70,280,7,alg1,ok,65,291,356,420,0,66,356,1,1,1,,,0.002373,0.035313,0.040051,3.3,552367bb88cd
rand-m4,70,280,7,padded_shrink,ok,65,291,548,420,192,66,4906,1,,1,,,0.004213,0.038285,0.047041,3.8,552367bb88cd
rand-m4,70,280,7,b2,ok,65,,2097152,,,,,,,,0,,,,0.205031,2.9,
rand-m4,70,280,7,b3,ok,65,,71,,,,,,,,,1,,,0.000699,2.8,
rand-m4,70,280,8,alg1,ok,64,28,92,108,0,65,92,1,1,1,,,0.000437,0.003771,0.004848,2.8,13e21f96a7a6
rand-m4,70,280,8,padded_shrink,ok,64,28,261,108,169,65,4572,1,,1,,,0.001812,0.004149,0.008189,2.9,13e21f96a7a6
rand-m4,70,280,8,b2,ok,64,,2097152,,,,,,,,0,,,,0.192984,2.9,
rand-m4,70,280,8,b3,ok,64,,71,,,,,,,,,1,,,0.001745,2.8,
rand-m4,70,280,9,alg1,ok,59,9,68,68,0,60,68,1,1,1,,,0.000447,0.001694,0.002709,2.8,3e663882a1bc
rand-m4,70,280,9,padded_shrink,ok,59,9,211,68,143,60,4198,1,,1,,,0.001117,0.001453,0.004604,2.8,3e663882a1bc
rand-m4,70,280,9,b2,ok,59,,2097152,,,,,,,,0,,,,0.198959,2.9,
rand-m4,70,280,9,b3,ok,59,,71,,,,,,,,,1,,,0.000485,2.8,
rand-m1,75,75,0,b2,ok,45,,2097152,,,,,,,,0,,,,0.189396,2.9,
rand-m1,75,75,0,b3,ok,45,,76,,,,,,,,,1,,,0.001046,2.8,
rand-m1,75,75,1,b2,ok,48,,2097152,,,,,,,,0,,,,0.165642,2.9,
rand-m1,75,75,1,b3,ok,48,,76,,,,,,,,,1,,,0.000549,2.8,
rand-m1,75,75,2,b2,ok,42,,2097152,,,,,,,,0,,,,0.177732,2.9,
rand-m1,75,75,2,b3,ok,42,,76,,,,,,,,,1,,,0.000632,2.8,
rand-m1,75,75,3,b2,ok,38,,2097152,,,,,,,,0,,,,0.168703,2.9,
rand-m1,75,75,3,b3,ok,38,,76,,,,,,,,,1,,,0.000740,2.8,
rand-m1,75,75,4,b2,ok,41,,2097152,,,,,,,,0,,,,0.174910,2.9,
rand-m1,75,75,4,b3,ok,41,,76,,,,,,,,,1,,,0.000590,2.8,
rand-m1,75,75,5,b2,ok,42,,2097152,,,,,,,,0,,,,0.164654,2.9,
rand-m1,75,75,5,b3,ok,42,,76,,,,,,,,,1,,,0.000771,2.8,
rand-m1,75,75,6,b2,ok,41,,2097152,,,,,,,,0,,,,0.168169,2.9,
rand-m1,75,75,6,b3,ok,41,,76,,,,,,,,,1,,,0.000490,2.8,
rand-m1,75,75,7,b2,ok,43,,2097152,,,,,,,,0,,,,0.168218,2.9,
rand-m1,75,75,7,b3,ok,43,,76,,,,,,,,,1,,,0.000521,2.8,
rand-m1,75,75,8,b2,ok,49,,2097152,,,,,,,,0,,,,0.180669,2.9,
rand-m1,75,75,8,b3,ok,49,,76,,,,,,,,,1,,,0.000859,2.8,
rand-m1,75,75,9,b2,ok,42,,2097152,,,,,,,,0,,,,0.176383,2.9,
rand-m1,75,75,9,b3,ok,42,,76,,,,,,,,,1,,,0.000688,2.8,
rand-m2,75,150,0,b2,ok,59,,2097152,,,,,,,,0,,,,0.198464,2.9,
rand-m2,75,150,0,b3,ok,59,,76,,,,,,,,,1,,,0.000703,2.8,
rand-m2,75,150,1,b2,ok,68,,2097152,,,,,,,,0,,,,0.193706,2.9,
rand-m2,75,150,1,b3,ok,68,,76,,,,,,,,,1,,,0.000834,2.8,
rand-m2,75,150,2,b2,ok,60,,2097152,,,,,,,,0,,,,0.169038,2.9,
rand-m2,75,150,2,b3,ok,60,,76,,,,,,,,,1,,,0.000574,2.8,
rand-m2,75,150,3,b2,ok,53,,2097152,,,,,,,,0,,,,0.204611,2.9,
rand-m2,75,150,3,b3,ok,53,,76,,,,,,,,,1,,,0.000668,2.8,
rand-m2,75,150,4,b2,ok,55,,2097152,,,,,,,,0,,,,0.174485,2.9,
rand-m2,75,150,4,b3,ok,55,,76,,,,,,,,,1,,,0.000640,2.8,
rand-m2,75,150,5,b2,ok,59,,2097152,,,,,,,,0,,,,0.183089,2.9,
rand-m2,75,150,5,b3,ok,59,,76,,,,,,,,,1,,,0.000838,2.8,
rand-m2,75,150,6,b2,ok,53,,2097152,,,,,,,,0,,,,0.183762,2.9,
rand-m2,75,150,6,b3,ok,53,,76,,,,,,,,,1,,,0.000548,2.8,
rand-m2,75,150,7,b2,ok,60,,2097152,,,,,,,,0,,,,0.176191,2.9,
rand-m2,75,150,7,b3,ok,60,,76,,,,,,,,,1,,,0.000609,2.8,
rand-m2,75,150,8,b2,ok,70,,2097152,,,,,,,,0,,,,0.185464,2.9,
rand-m2,75,150,8,b3,ok,70,,76,,,,,,,,,1,,,0.001037,2.8,
rand-m2,75,150,9,b2,ok,51,,2097152,,,,,,,,0,,,,0.252662,2.9,
rand-m2,75,150,9,b3,ok,51,,76,,,,,,,,,1,,,0.000594,2.8,
rand-m4,75,300,0,alg1,ok,58,4,62,62,0,59,62,1,1,1,,,0.000204,0.001642,0.002338,2.8,b25cee41afb7
rand-m4,75,300,0,padded_shrink,ok,58,4,196,62,134,59,4412,1,,1,,,0.001460,0.002228,0.005259,2.8,b25cee41afb7
rand-m4,75,300,0,b2,ok,58,,2097152,,,,,,,,0,,,,0.189620,2.9,
rand-m4,75,300,0,b3,ok,58,,76,,,,,,,,,1,,,0.000542,2.8,
rand-m4,75,300,1,alg1,ok,63,81,144,236,0,64,144,1,1,1,,,0.001061,0.004480,0.006470,2.9,ebc997198062
rand-m4,75,300,1,padded_shrink,ok,63,81,314,200,170,64,4869,1,,1,,,0.002022,0.003157,0.007268,3.0,ebc997198062
rand-m4,75,300,1,b2,ok,63,,2097152,,,,,,,,0,,,,0.181690,2.9,
rand-m4,75,300,1,b3,ok,63,,76,,,,,,,,,1,,,0.001470,2.8,
rand-m4,75,300,2,alg1,ok,65,36,101,125,0,66,101,1,1,1,,,0.000570,0.003550,0.005241,2.8,238564908247
rand-m4,75,300,2,padded_shrink,ok,65,36,265,125,164,66,4976,1,,1,,,0.002266,0.003327,0.007398,2.9,238564908247
rand-m4,75,300,2,b2,ok,65,,2097152,,,,,,,,0,,,,0.200605,2.9,
rand-m4,75,300,2,b3,ok,65,,76,,,,,,,,,1,,,0.000619,2.8,
rand-m4,75,300,3,alg1,ok,62,40,102,126,0,63,102,1,1,1,,,0.000551,0.003102,0.004357,2.8,d753dd48d58b
rand-m4,75,300,3,padded_shrink,ok,62,40,264,126,162,63,4752,1,,1,,,0.001831,0.003477,0.007458,2.9,d753dd48d58b
rand-m4,75,300,3,b2,ok,62,,2097152,,,,,,,,0,,,,0.180038,2.9,
rand-m4,75,300,3,b3,ok,62,,76,,,,,,,,,1,,,0.000772,2.8,
rand-m4,75,300,4,alg1,ok,65,24,89,105,0,66,89,1,1,1,,,0.000433,0.002849,0.004032,2.8,83ec3dbce5c7
rand-m4,75,300,4,padded_shrink,ok,65,24,249,105,160,66,4964,1,,1,,,0.001374,0.002734,0.006346,2.9,83ec3dbce5c7
rand-m4,75,300,4,b2,ok,65,,2097152,,,,,,,,0,,,,0.168186,2.9,
rand-m4,75,300,4,b3,ok,65,,76,,,,,,,,,1,,,0.000719,2.8,
rand-m4,75,300,5,alg1,ok,66,36,102,102,0,67,102,1,1,1,,,0.000559,0.002894,0.004212,2.8,21e6ea06fddf
rand-m4,75,300,5,padded_shrink,ok,66,36,265,102,163,67,5052,1,,1,,,0.001749,0.002711,0.006603,2.9,21e6ea06fddf
rand-m4,75,300,5,b2,ok,66,,2097152,,,,,,,,0,,,,0.195178,2.9,
rand-m4,75,300,5,b3,ok,66,,76,,,,,,,,,1,,,0.000641,2.8,
rand-m4,75,300,6,alg1,ok,63,160,223,223,0,64,223,1,1,1,,,0.001213,0.007019,0.009370,3.1,afca870c3c7a
rand-m4,75,300,6,padded_shrink,ok,63,160,385,223,162,64,4948,1,,1,,,0.003016,0.005541,0.010925,3.1,afca870c3c7a
rand-m4,75,300,6,b2,ok,63,,2097152,,,,,,,,0,,,,0.189008,2.9,
rand-m4,75,300,6,b3,ok,63,,76,,,,,,,,,1,,,0.000826,2.8,
rand-m4,75,300,7,alg1,ok,65,34,99,151,0,66,99,1,1,1,,,0.000509,0.005456,0.006840,2.9,a90f1b23327c
rand-m4,75,300,7,padded_shrink,ok,65,34,268,151,169,66,4974,1,,1,,,0.001761,0.004742,0.008049,3.0,a90f1b23327c
rand-m4,75,300,7,b2,ok,65,,2097152,,,,,,,,0,,,,0.193397,2.9,
rand-m4,75,300,7,b3,ok,65,,76,,,,,,,,,1,,,0.000865,2.8,
rand-m4,75,300,8,alg1,ok,60,30,90,90,0,61,90,1,1,1,,,0.000416,0.001914,0.002893,2.8,739983c84b43
rand-m4,75,300,8,padded_shrink,ok,60,30,243,90,153,61,4590,1,,1,,,0.001252,0.002120,0.004826,2.9,739983c84b43
rand-m4,75,300,8,b2,ok,60,,2097152,,,,,,,,0,,,,0.172951,2.9,
rand-m4,75,300,8,b3,ok,60,,76,,,,,,,,,1,,,0.000554,2.8,
rand-m4,75,300,9,alg1,ok,70,1072,1142,1574,0,71,1142,1,1,1,,,0.009217,0.463162,0.477124,7.1,eec8d641c74e
rand-m4,75,300,9,padded_shrink,ok,70,1072,1351,1574,209,71,6392,1,,1,,,0.011638,0.465870,0.485277,7.1,eec8d641c74e
rand-m4,75,300,9,b2,ok,70,,2097152,,,,,,,,0,,,,0.200003,2.9,
rand-m4,75,300,9,b3,ok,70,,76,,,,,,,,,1,,,0.000857,2.8,
rand-m1,80,80,0,b2,ok,44,,2097152,,,,,,,,0,,,,0.200672,2.9,
rand-m1,80,80,0,b3,ok,44,,81,,,,,,,,,1,,,0.000578,2.8,
rand-m1,80,80,1,b2,ok,50,,2097152,,,,,,,,0,,,,0.180781,2.9,
rand-m1,80,80,1,b3,ok,50,,81,,,,,,,,,1,,,0.001045,2.8,
rand-m1,80,80,2,b2,ok,38,,2097152,,,,,,,,0,,,,0.196512,2.9,
rand-m1,80,80,2,b3,ok,38,,81,,,,,,,,,1,,,0.001050,2.8,
rand-m1,80,80,3,b2,ok,47,,2097152,,,,,,,,0,,,,0.199394,2.9,
rand-m1,80,80,3,b3,ok,47,,81,,,,,,,,,1,,,0.001318,2.8,
rand-m1,80,80,4,b2,ok,48,,2097152,,,,,,,,0,,,,0.182353,2.9,
rand-m1,80,80,4,b3,ok,48,,81,,,,,,,,,1,,,0.000883,2.8,
rand-m1,80,80,5,b2,ok,55,,2097152,,,,,,,,0,,,,0.171933,2.9,
rand-m1,80,80,5,b3,ok,55,,81,,,,,,,,,1,,,0.000919,2.8,
rand-m1,80,80,6,b2,ok,50,,2097152,,,,,,,,0,,,,0.170920,2.9,
rand-m1,80,80,6,b3,ok,50,,81,,,,,,,,,1,,,0.000707,2.8,
rand-m1,80,80,7,b2,ok,53,,2097152,,,,,,,,0,,,,0.188312,2.9,
rand-m1,80,80,7,b3,ok,53,,81,,,,,,,,,1,,,0.001310,2.8,
rand-m1,80,80,8,b2,ok,50,,2097152,,,,,,,,0,,,,0.176210,2.9,
rand-m1,80,80,8,b3,ok,50,,81,,,,,,,,,1,,,0.001119,2.8,
rand-m1,80,80,9,b2,ok,44,,2097152,,,,,,,,0,,,,0.188527,2.9,
rand-m1,80,80,9,b3,ok,44,,81,,,,,,,,,1,,,0.001262,2.8,
rand-m2,80,160,0,b2,ok,68,,2097152,,,,,,,,0,,,,0.194293,2.9,
rand-m2,80,160,0,b3,ok,68,,81,,,,,,,,,1,,,0.000746,2.8,
rand-m2,80,160,1,b2,ok,59,,2097152,,,,,,,,0,,,,0.177372,2.9,
rand-m2,80,160,1,b3,ok,59,,81,,,,,,,,,1,,,0.000920,2.8,
rand-m2,80,160,2,b2,ok,63,,2097152,,,,,,,,0,,,,0.179776,2.9,
rand-m2,80,160,2,b3,ok,63,,81,,,,,,,,,1,,,0.000900,2.8,
rand-m2,80,160,3,b2,ok,58,,2097152,,,,,,,,0,,,,0.170443,2.9,
rand-m2,80,160,3,b3,ok,58,,81,,,,,,,,,1,,,0.000824,2.8,
rand-m2,80,160,4,b2,ok,56,,2097152,,,,,,,,0,,,,0.262302,2.9,
rand-m2,80,160,4,b3,ok,56,,81,,,,,,,,,1,,,0.000700,2.8,
rand-m2,80,160,5,b2,ok,71,,2097152,,,,,,,,0,,,,0.167318,2.9,
rand-m2,80,160,5,b3,ok,71,,81,,,,,,,,,1,,,0.001281,2.8,
rand-m2,80,160,6,b2,ok,57,,2097152,,,,,,,,0,,,,0.184393,2.9,
rand-m2,80,160,6,b3,ok,57,,81,,,,,,,,,1,,,0.000677,2.8,
rand-m2,80,160,7,b2,ok,68,,2097152,,,,,,,,0,,,,0.167317,2.9,
rand-m2,80,160,7,b3,ok,68,,81,,,,,,,,,1,,,0.000730,2.8,
rand-m2,80,160,8,b2,ok,57,,2097152,,,,,,,,0,,,,0.173163,2.9,
rand-m2,80,160,8,b3,ok,57,,81,,,,,,,,,1,,,0.000652,2.8,
rand-m2,80,160,9,b2,ok,61,,2097152,,,,,,,,0,,,,0.187772,2.9,
rand-m2,80,160,9,b3,ok,61,,81,,,,,,,,,1,,,0.000990,2.8,
rand-m4,80,320,0,alg1,ok,68,12,80,84,0,69,80,1,1,1,,,0.000373,0.002474,0.003673,2.8,f8b61835ee55
rand-m4,80,320,0,padded_shrink,ok,68,12,245,84,165,69,5520,1,,1,,,0.001718,0.003462,0.007260,2.9,f8b61835ee55
rand-m4,80,320,0,b2,ok,68,,2097152,,,,,,,,0,,,,0.194194,2.9,
rand-m4,80,320,0,b3,ok,68,,81,,,,,,,,,1,,,0.000809,2.8,
rand-m4,80,320,1,alg1,ok,67,12,79,87,0,68,79,1,1,1,,,0.000380,0.002016,0.003018,2.8,39da1a1e4a4e
rand-m4,80,320,1,padded_shrink,ok,67,12,239,87,160,68,5439,1,,1,,,0.002086,0.002324,0.006166,2.9,39da1a1e4a4e
rand-m4,80,320,1,b2,ok,67,,2097152,,,,,,,,0,,,,0.190224,2.9,
rand-m4,80,320,1,b3,ok,67,,81,,,,,,,,,1,,,0.000773,2.8,
rand-m4,80,320,2,alg1,ok,70,375,445,511,0,71,445,1,1,1,,,0.003029,0.073219,0.078379,4.5,f025db50e521
rand-m4,80,320,2,padded_shrink,ok,70,375,633,530,188,71,6045,1,,1,,,0.005265,0.134563,0.143423,5.0,f025db50e521
rand-m4,80,320,2,b2,ok,70,,2097152,,,,,,,,0,,,,0.181770,2.9,
rand-m4,80,320,2,b3,ok,70,,81,,,,,,,,,1,,,0.000836,2.8,
rand-m4,80,320,3,alg1,ok,63,12,75,75,0,64,75,1,1,1,,,0.000377,0.002252,0.003747,2.8,d4f197fd48d5
rand-m4,80,320,3,padded_shrink,ok,63,12,226,75,151,64,5115,1,,1,,,0.001653,0.001808,0.005253,2.8,d4f197fd48d5
rand-m4,80,320,3,b2,ok,63,,2097152,,,,,,,,0,,,,0.169017,2.9,
rand-m4,80,320,3,b3,ok,63,,81,,,,,,,,,1,,,0.000680,2.8,
rand-m4,80,320,4,alg1,ok,65,18,83,92,0,66,83,1,1,1,,,0.000578,0.002863,0.004935,2.8,a9d6acda0b5e
rand-m4,80,320,4,padded_shrink,ok,65,18,240,92,157,66,5283,1,,1,,,0.001603,0.002026,0.005338,2.9,a9d6acda0b5e
rand-m4,80,320,4,b2,ok,65,,2097152,,,,,,,,0,,,,0.190852,2.9,
rand-m4,80,320,4,b3,ok,65,,81,,,,,,,,,1,,,0.000829,2.8,
rand-m4,80,320,5,alg1,ok,67,48,115,115,0,68,115,1,1,1,,,0.000971,0.003085,0.005425,2.8,ed87441c148c
rand-m4,80,320,5,padded_shrink,ok,67,48,281,115,166,68,5475,1,,1,,,0.001962,0.002666,0.007108,2.9,ed87441c148c
rand-m4,80,320,5,b2,ok,67,,2097152,,,,,,,,0,,,,0.190241,2.9,
rand-m4,80,320,5,b3,ok,67,,81,,,,,,,,,1,,,0.000734,2.8,
rand-m4,80,320,6,alg1,ok,70,288,358,359,0,71,358,1,1,1,,,0.002522,0.020662,0.025006,3.2,558a575fe4c1
rand-m4,80,320,6,padded_shrink,ok,70,288,546,359,188,71,5958,1,,1,,,0.004025,0.025070,0.032894,3.7,558a575fe4c1
rand-m4,80,320,6,b2,ok,70,,2097152,,,,,,,,0,,,,0.179481,2.9,
rand-m4,80,320,6,b3,ok,70,,81,,,,,,,,,1,,,0.000699,2.8,
rand-m4,80,320,7,alg1,ok,68,32,100,108,0,69,100,1,1,1,,,0.000715,0.002895,0.004774,2.8,9ab300dbc523
rand-m4,80,320,7,padded_shrink,ok,68,32,269,108,169,69,5540,1,,1,,,0.001939,0.003305,0.007209,2.9,9ab300dbc523
rand-m4,80,320,7,b2,ok,68,,2097152,,,,,,,,0,,,,0.186478,2.9,
rand-m4,80,320,7,b3,ok,68,,81,,,,,,,,,1,,,0.000584,2.8,
rand-m4,80,320,8,alg1,ok,66,231,297,297,0,67,297,1,1,1,,,0.002242,0.016350,0.020604,3.3,db482f3b621f
rand-m4,80,320,8,padded_shrink,ok,66,231,480,297,183,67,5577,1,,1,,,0.003740,0.016011,0.022803,3.4,db482f3b621f
rand-m4,80,320,8,b2,ok,66,,2097152,,,,,,,,0,,,,0.191250,2.9,
rand-m4,80,320,8,b3,ok,66,,81,,,,,,,,,1,,,0.000931,2.8,
rand-m4,80,320,9,alg1,ok,73,144,217,237,0,74,217,1,1,1,,,0.001468,0.029424,0.032284,3.2,cebad9fe2f29
rand-m4,80,320,9,padded_shrink,ok,73,144,419,237,202,74,6057,1,,1,,,0.003559,0.032301,0.038947,3.5,cebad9fe2f29
rand-m4,80,320,9,b2,ok,73,,2097152,,,,,,,,0,,,,0.170881,2.9,
rand-m4,80,320,9,b3,ok,73,,81,,,,,,,,,1,,,0.001674,2.8,
rand-m2,70,140,8,alg1,ok,57,7320,7377,8987,0,58,7377,1,1,1,,,0.053263,31.858140,31.947464,49.5,49ba3ce61a5a
rand-m2,70,140,8,padded_shrink,ok,57,7320,7561,8987,184,58,11367,1,,1,,,0.053813,38.954722,39.047039,50.7,49ba3ce61a5a
rand-m4,25,100,7,padded,timeout,,,,,,,,,,,,,,,600.000000,,
rand-m2,70,140,5,alg1,ok,64,10056,10120,11620,0,65,10120,1,1,1,,,0.077134,119.924439,120.046062,62.6,c09b7bf9f1b4
rand-m2,75,150,3,alg1,ok,53,639,692,806,0,54,692,1,1,1,,,0.003715,0.053431,0.059772,4.4,719117f5ef12
rand-m2,75,150,4,alg1,ok,55,404,459,601,0,56,459,1,1,1,,,0.003101,0.075243,0.080305,3.8,00e789f45318
rand-m2,75,150,6,alg1,ok,53,416,469,469,0,54,469,1,1,1,,,0.003313,0.019920,0.025525,3.4,aadad694bff2
rand-m2,75,150,7,alg1,ok,60,612,672,674,0,61,672,1,1,1,,,0.004552,0.117562,0.124975,5.3,a1991ecd5d8e
rand-m2,70,140,5,padded_shrink,ok,64,10056,10341,11619,221,65,14600,1,,1,,,0.090335,120.592824,120.736255,59.9,c09b7bf9f1b4
rand-m2,75,150,2,alg1,ok,60,2544,2604,2721,0,61,2604,1,1,1,,,0.032359,1.843790,1.889015,11.0,1b5bc95d05c0
rand-m4,25,100,8,padded,timeout,,,,,,,,,,,,,,,600.000000,,
rand-m2,75,150,2,padded_shrink,ok,60,2544,2789,2722,185,61,7104,1,,1,,,0.023629,1.876942,1.913449,11.4,1b5bc95d05c0
rand-m2,75,150,3,padded_shrink,ok,53,639,857,806,165,54,4667,1,,1,,,0.006557,0.057160,0.068647,4.6,719117f5ef12
rand-m2,75,150,4,padded_shrink,ok,55,404,622,601,163,56,4584,1,,1,,,0.003423,0.081865,0.088259,4.2,00e789f45318
rand-m2,75,150,5,alg1,ok,59,5776,5835,10648,0,60,5835,1,1,1,,,0.046664,37.735209,37.822298,30.4,14c45e34fa5c
rand-m2,75,150,6,padded_shrink,ok,53,416,618,469,149,54,4444,1,,1,,,0.003715,0.025966,0.032385,3.4,aadad694bff2
rand-m2,75,150,7,padded_shrink,ok,60,612,847,674,175,61,5172,1,,1,,,0.010768,0.159169,0.178771,5.4,a1991ecd5d8e
rand-m2,75,150,1,alg1,ok,68,7580,7648,9364,0,69,7648,1,1,1,,,0.072599,56.521735,56.636840,43.8,b6ba382cc594
rand-m2,75,150,9,alg1,ok,51,768,819,831,0,52,819,1,1,1,,,0.003852,0.091122,0.097454,4.6,5a3ba18606cd
rand-m2,75,150,9,padded_shrink,ok,51,768,967,831,148,52,4644,1,,1,,,0.005257,0.084058,0.092593,4.8,5a3ba18606cd
rand-m2,75,150,1,padded_shrink,ok,68,7580,7880,9374,232,69,12748,1,,1,,,0.084005,57.385526,57.521436,40.3,b6ba382cc594
rand-m2,75,150,5,padded_shrink,ok,59,5776,6032,10648,197,60,10260,1,,1,,,0.044537,38.378296,38.463773,30.7,14c45e34fa5c
rand-m4,25,100,9,padded,timeout,,,,,,,,,,,,,,,600.000000,,
rand-m2,75,150,0,alg1,ok,59,23792,23851,25453,0,60,23851,1,1,1,,,0.167777,152.408986,152.688424,129.6,64bfc97fd8ac
rand-m2,75,150,0,padded_shrink,ok,59,23792,24040,25453,189,60,28276,1,,1,,,0.191755,151.837560,152.154480,131.5,64bfc97fd8ac
rand-m1,60,60,2,alg1,timeout,,,,,,,,,,,,,,,600.000000,,
rand-m1,60,60,2,padded_shrink,timeout,,,,,,,,,,,,,,,600.000000,,
rand-m2,75,150,8,alg1,timeout,,,,,,,,,,,,,,,600.000000,,
rand-m2,75,150,8,padded_shrink,timeout,,,,,,,,,,,,,,,600.000000,,
